Episode,Timestamp,Base_Angle,Shoulder_Angle,Elbow_Angle,Base_Velocity,Shoulder_Velocity,Elbow_Velocity,Base_Control,Shoulder_Control,Elbow_Control,Magnet_Pos_X,Magnet_Pos_Y,Magnet_Pos_Z,Magnet_Vel_X,Magnet_Vel_Y,Magnet_Vel_Z,Box_Pos_X,Box_Pos_Y,Box_Pos_Z,Box_Vel_X,Box_Vel_Y,Box_Vel_Z,Base_Torque_Nm,Shoulder_Torque_Nm,Elbow_Torque_Nm,Base_Power_W,Shoulder_Power_W,Elbow_Power_W,Base_Mass_kg,Shoulder_Mass_kg,Elbow_Mass_kg,Base_KE_J,Shoulder_KE_J,Elbow_KE_J,Box_Attached,Energy_Step_J
146,0.0200,0.0000,45.0001,-30.0000,0.0000,0.0000,0.0000,0.0000,0.0000,0.0000,34.5253,-1126.8820,136.5593,0.0000,0.0000,0.0000,33.2041,-1.7843,138.4476,0.0000,-0.1942,0.0000,0.0000,0.0000,0.0000,0.0000,0.0000,0.0000,5.00,3.00,2.00,0.0000,0.0000,0.0000,0,0.000000
146,0.0200,0.0000,45.0001,-30.0000,0.0000,0.0000,0.0000,0.0000,0.0000,0.0000,34.5253,-1129.8570,136.5593,0.0000,0.0000,0.0000,32.4377,-1.7843,134.1047,0.0000,-0.1942,0.0000,0.0000,0.0000,0.0000,0.0000,0.0000,0.0000,5.00,3.00,2.00,0.0000,0.0000,0.0000,0,0.000000
146,0.0200,0.0000,45.0001,-30.0000,0.0000,0.0000,0.0000,0.0000,0.0000,0.0000,34.5253,-1132.8350,136.5593,0.0002,-148.9136,0.0000,34.6547,-1.7843,133.3995,0.0000,-0.1942,0.0000,0.0000,0.0000,0.0000,0.0000,0.0000,0.0000,5.00,3.00,2.00,0.0000,0.0000,0.0000,0,0.000000
147,0.0200,0.0000,45.0001,-30.0000,0.0000,0.0000,0.0000,0.0000,0.0000,0.0000,34.5253,-1135.8170,136.5593,0.0000,0.0000,0.0000,32.3031,-1.7843,135.4144,0.0000,-0.1942,0.0000,0.0000,0.0000,0.0000,0.0000,0.0000,0.0000,5.00,3.00,2.00,0.0000,0.0000,0.0000,0,0.000000
147,0.0200,0.0000,45.0001,-30.0000,0.0000,0.0000,0.0000,0.0000,0.0000,0.0000,34.5253,-1138.8030,136.5593,0.0000,0.0000,0.0000,32.4816,-1.7843,135.9318,0.0000,-0.1942,0.0000,0.0000,0.0000,0.0000,0.0000,0.0000,0.0000,5.00,3.00,2.00,0.0000,0.0000,0.0000,0,0.000000
147,0.0200,0.0000,45.0001,-30.0000,0.0000,0.0000,0.0000,0.0000,0.0000,0.0000,34.5253,-1141.7930,136.5593,0.0000,0.0000,0.0000,34.0282,-1.7843,131.7901,0.0000,-0.1942,0.0000,0.0000,0.0000,0.0000,0.0000,0.0000,0.0000,5.00,3.00,2.00,0.0000,0.0000,0.0000,0,0.000000
147,0.0200,0.0000,45.0001,-30.0000,0.0000,0.0000,0.0000,0.0000,0.0000,0.0000,34.5253,-1144.7870,136.5592,0.0000,0.0000,0.0000,35.8305,-1.7843,135.7575,0.0000,-0.1942,0.0000,0.0000,0.0000,0.0000,0.0000,0.0000,0.0000,5.00,3.00,2.00,0.0000,0.0000,0.0000,0,0.000000
147,0.0200,0.0000,45.0001,-30.0000,0.0000,0.0000,0.0000,0.0000,0.0000,0.0000,34.5253,-1147.7850,136.5593,0.0002,-149.8962,0.0008,31.8117,-1.7843,137.1546,0.0000,-0.1942,0.0000,0.0000,0.0000,0.0000,0.0000,0.0000,0.0000,5.00,3.00,2.00,0.0000,0.0000,0.0000,0,0.000000
148,0.0200,0.0000,45.0001,-30.0000,0.0000,0.0000,0.0000,0.0000,0.0000,0.0000,34.5253,-1150.7870,136.5593,0.0000,0.0000,0.0000,32.9268,-1.7843,132.2277,0.0000,-0.1942,0.0000,0.0000,0.0000,0.0000,0.0000,0.0000,0.0000,5.00,3.00,2.00,0.0000,0.0000,0.0000,0,0.000000
148,0.0200,0.0000,45.0001,-30.0000,0.0000,0.0000,0.0000,0.0000,0.0000,0.0000,34.5253,-1153.7930,136.5593,0.0000,0.0000,0.0000,34.6498,-1.7843,138.0526,0.0000,-0.1942,0.0000,0.0000,0.0000,0.0000,0.0000,0.0000,0.0000,5.00,3.00,2.00,0.0000,0.0000,0.0000,0,0.000000
148,0.0200,0.0000,45.0001,-30.0000,0.0000,0.0000,0.0000,0.0000,0.0000,0.0000,34.5253,-1156.8020,136.5593,0.0000,0.0000,0.0000,32.1352,-1.7843,133.2127,0.0000,-0.1942,0.0000,0.0000,0.0000,0.0000,0.0000,0.0000,0.0000,5.00,3.00,2.00,0.0000,0.0000,0.0000,0,0.000000
148,0.0200,0.0000,45.0001,-30.0000,0.0000,0.0000,0.0000,0.0000,0.0000,0.0000,34.5253,-1159.8160,136.5593,0.0000,0.0000,0.0000,33.2886,-1.7843,138.4955,0.0000,-0.1942,0.0000,0.0000,0.0000,0.0000,0.0000,0.0000,0.0000,5.00,3.00,2.00,0.0000,0.0000,0.0000,0,0.000000
148,0.0200,0.0000,45.0001,-30.0000,0.0000,0.0000,0.0000,0.0000,0.0000,0.0000,34.5253,-1162.8340,136.5593,0.0002,-150.8728,0.0008,33.4815,-1.7843,137.8410,0.0000,-0.1942,0.0000,0.0000,0.0000,0.0000,0.0000,0.0000,0.0000,5.00,3.00,2.00,0.0000,0.0000,0.0000,0,0.000000
149,0.0200,0.0000,45.0001,-30.0000,0.0000,0.0000,0.0000,0.0000,0.0000,0.0000,34.5253,-1165.8550,136.5593,0.0000,0.0000,0.0000,35.8330,-1.7843,132.5422,0.0000,-0.1942,0.0000,0.0000,0.0000,0.0000,0.0000,0.0000,0.0000,5.00,3.00,2.00,0.0000,0.0000,0.0000,0,0.000000
149,0.0200,0.0000,45.0001,-30.0000,0.0000,0.0000,0.0000,0.0000,0.0000,0.0000,34.5253,-1168.8800,136.5593,0.0000,0.0000,0.0000,33.6623,-1.7843,137.7070,0.0000,-0.1942,0.0000,0.0000,0.0000,0.0000,0.0000,0.0000,0.0000,5.00,3.00,2.00,0.0000,0.0000,0.0000,0,0.000000
149,0.0200,0.0000,45.0001,-30.0000,0.0000,0.0000,0.0000,0.0000,0.0000,0.0000,34.5253,-1171.9100,136.5593,0.0000,0.0000,0.0000,33.3989,-1.7843,136.6409,0.0000,-0.1942,0.0000,0.0000,0.0000,0.0000,0.0000,0.0000,0.0000,5.00,3.00,2.00,0.0000,0.0000,0.0000,0,0.000000
149,0.0200,0.0000,45.0001,-30.0000,0.0000,0.0000,0.0000,0.0000,0.0000,0.0000,34.5253,-1174.9430,136.5593,0.0000,0.0000,0.0000,33.5549,-1.7843,137.8923,0.0000,-0.1942,0.0000,0.0000,0.0000,0.0000,0.0000,0.0000,0.0000,5.00,3.00,2.00,0.0000,0.0000,0.0000,0,0.000000
149,0.0200,0.0000,45.0001,-30.0000,0.0000,0.0000,0.0000,0.0000,0.0000,0.0000,34.5253,-1177.9800,136.5593,0.0002,-151.8677,-0.0008,36.1714,-1.7843,134.6725,0.0000,-0.1942,0.0000,0.0000,0.0000,0.0000,0.0000,0.0000,0.0000,5.00,3.00,2.00,0.0000,0.0000,0.0000,0,0.000000
150,0.0200,0.0000,45.0001,-30.0000,0.0000,0.0000,0.0000,0.0000,0.0000,0.0000,34.5253,-1181.0210,136.5593,0.0000,0.0000,0.0000,36.3279,-1.7843,135.4170,0.0000,-0.1942,0.0000,0.0000,0.0000,0.0000,0.0000,0.0000,0.0000,5.00,3.00,2.00,0.0000,0.0000,0.0000,0,0.000000
150,0.0200,0.0000,45.0001,-30.0000,0.0000,0.0000,0.0000,0.0000,0.0000,0.0000,34.5253,-1184.0660,136.5593,0.0000,0.0000,0.0000,32.0466,-1.7843,134.3978,0.0000,-0.1942,0.0000,0.0000,0.0000,0.0000,0.0000,0.0000,0.0000,5.00,3.00,2.00,0.0000,0.0000,0.0000,0,0.000000
150,0.0200,0.0000,45.0001,-30.0000,0.0000,0.0000,0.0000,0.0000,0.0000,0.0000,34.5253,-1187.1150,136.5593,0.0000,0.0000,0.0000,36.7957,-1.7843,133.1987,0.0000,-0.1942,0.0000,0.0000,0.0000,0.0000,0.0000,0.0000,0.0000,5.00,3.00,2.00,0.0000,0.0000,0.0000,0,0.000000
150,0.0200,0.0000,45.0001,-30.0000,0.0000,0.0000,0.0000,0.0000,0.0000,0.0000,34.5253,-1190.1680,136.5593,0.0000,0.0000,0.0000,31.4435,-1.7843,135.2923,0.0000,-0.1942,0.0000,0.0000,0.0000,0.0000,0.0000,0.0000,0.0000,5.00,3.00,2.00,0.0000,0.0000,0.0000,0,0.000000
150,0.0200,0.0000,45.0001,-30.0000,0.0000,0.0000,0.0000,0.0000,0.0000,0.0000,34.5253,-1193.2250,136.5593,0.0002,-152.8381,-0.0008,35.6659,-1.7843,136.5417,0.0000,-0.1942,0.0000,0.0000,0.0000,0.0000,0.0000,0.0000,0.0000,5.00,3.00,2.00,0.0000,0.0000,0.0000,0,0.000000
151,0.0200,0.0000,45.0001,-30.0000,0.0000,0.0000,0.0000,0.0000,0.0000,0.0000,34.5253,-1196.2850,136.5593,0.0000,0.0000,0.0000,35.7695,-1.7843,134.1820,0.0000,-0.1942,0.0000,0.0000,0.0000,0.0000,0.0000,0.0000,0.0000,5.00,3.00,2.00,0.0000,0.0000,0.0000,0,0.000000
151,0.0200,0.0000,45.0001,-30.0000,0.0000,0.0000,0.0000,0.0000,0.0000,0.0000,34.5253,-1199.3500,136.5593,0.0000,0.0000,0.0000,34.4952,-1.7843,138.5090,0.0000,-0.1942,0.0000,0.0000,0.0000,0.0000,0.0000,0.0000,0.0000,5.00,3.00,2.00,0.0000,0.0000,0.0000,0,0.000000
151,0.0200,0.0000,45.0001,-30.0000,0.0000,0.0000,0.0000,0.0000,0.0000,0.0000,34.5253,-1202.4190,136.5593,0.0000,0.0000,0.0000,33.9114,-1.7843,132.5697,0.0000,-0.1942,0.0000,0.0000,0.0000,0.0000,0.0000,0.0000,0.0000,5.00,3.00,2.00,0.0000,0.0000,0.0000,0,0.000000
151,0.0200,0.0000,45.0001,-30.0000,0.0000,0.0000,0.0000,0.0000,0.0000,0.0000,34.5254,-1205.4910,136.5593,0.0000,0.0000,0.0000,33.3320,-1.7843,136.7626,0.0000,-0.1942,0.0000,0.0000,0.0000,0.0000,0.0000,0.0000,0.0000,5.00,3.00,2.00,0.0000,0.0000,0.0000,0,0.000000
151,0.0200,0.0000,45.0001,-30.0000,0.0000,0.0000,0.0000,0.0000,0.0000,0.0000,34.5254,-1208.5680,136.5593,0.0002,-153.8269,-0.0015,33.0451,-1.7843,133.6698,0.0000,-0.1942,0.0000,0.0000,0.0000,0.0000,0.0000,0.0000,0.0000,5.00,3.00,2.00,0.0000,0.0000,0.0000,0,0.000000
152,0.0200,0.0000,45.0001,-30.0000,0.0000,0.0000,0.0000,0.0000,0.0000,0.0000,34.5254,-1211.6480,136.5593,0.0000,0.0000,0.0000,31.8830,-1.7843,133.5851,0.0000,-0.1942,0.0000,0.0000,0.0000,0.0000,0.0000,0.0000,0.0000,5.00,3.00,2.00,0.0000,0.0000,0.0000,0,0.000000
152,0.0200,0.0000,45.0001,-30.0000,0.0000,0.0000,0.0000,0.0000,0.0000,0.0000,34.5254,-1214.7320,136.5593,0.0000,0.0000,0.0000,33.9288,-1.7843,132.0696,0.0000,-0.1942,0.0000,0.0000,0.0000,0.0000,0.0000,0.0000,0.0000,5.00,3.00,2.00,0.0000,0.0000,0.0000,0,0.000000
152,0.0200,0.0000,45.0001,-30.0000,0.0000,0.0000,0.0000,0.0000,0.0000,0.0000,34.5254,-1217.8200,136.5593,0.0000,0.0000,0.0000,35.1257,-1.7843,136.5962,0.0000,-0.1942,0.0000,0.0000,0.0000,0.0000,0.0000,0.0000,0.0000,5.00,3.00,2.00,0.0000,0.0000,0.0000,0,0.000000
152,0.0200,0.0000,45.0001,-30.0000,0.0000,0.0000,0.0000,0.0000,0.0000,0.0000,34.5254,-1220.9120,136.5593,0.0000,0.0000,0.0000,32.2798,-1.7843,132.0811,0.0000,-0.1942,0.0000,0.0000,0.0000,0.0000,0.0000,0.0000,0.0000,5.00,3.00,2.00,0.0000,0.0000,0.0000,0,0.000000
152,0.0200,0.0000,45.0001,-30.0000,0.0000,0.0000,0.0000,0.0000,0.0000,0.0000,34.5254,-1224.0080,136.5593,0.0002,-154.7974,-0.0008,33.9537,-1.7843,136.6373,0.0000,-0.1942,0.0000,0.0000,0.0000,0.0000,0.0000,0.0000,0.0000,5.00,3.00,2.00,0.0000,0.0000,0.0000,0,0.000000
153,0.0200,0.0000,45.0001,-30.0000,0.0000,0.0000,0.0000,0.0000,0.0000,0.0000,34.5254,-1227.1080,136.5593,0.0000,0.0000,0.0000,36.7541,-1.7843,135.7300,0.0000,-0.1942,0.0000,0.0000,0.0000,0.0000,0.0000,0.0000,0.0000,5.00,3.00,2.00,0.0000,0.0000,0.0000,0,0.000000
153,0.0200,0.0000,45.0001,-30.0000,0.0000,0.0000,0.0000,0.0000,0.0000,0.0000,34.5254,-1230.2120,136.5593,0.0000,0.0000,0.0000,35.8688,-1.7843,136.8367,0.0000,-0.1942,0.0000,0.0000,0.0000,0.0000,0.0000,0.0000,0.0000,5.00,3.00,2.00,0.0000,0.0000,0.0000,0,0.000000
153,0.0200,0.0000,45.0001,-30.0000,0.0000,0.0000,0.0000,0.0000,0.0000,0.0000,34.5254,-1233.3200,136.5592,0.0000,0.0000,0.0000,35.6567,-1.7843,137.6667,0.0000,-0.1942,0.0000,0.0000,0.0000,0.0000,0.0000,0.0000,0.0000,5.00,3.00,2.00,0.0000,0.0000,0.0000,0,0.000000
153,0.0200,0.0000,45.0001,-30.0000,0.0000,0.0000,0.0000,0.0000,0.0000,0.0000,34.5254,-1236.4320,136.5592,0.0000,0.0000,0.0000,36.4066,-1.7843,136.7075,0.0000,-0.1942,0.0000,0.0000,0.0000,0.0000,0.0000,0.0000,0.0000,5.00,3.00,2.00,0.0000,0.0000,0.0000,0,0.000000
153,0.0200,0.0000,45.0001,-30.0000,0.0000,0.0000,0.0000,0.0000,0.0000,0.0000,34.5254,-1239.5470,136.5593,0.0002,-155.7800,0.0023,30.8229,-1.7843,134.7954,0.0000,-0.1942,0.0000,0.0000,0.0000,0.0000,0.0000,0.0000,0.0000,5.00,3.00,2.00,0.0000,0.0000,0.0000,0,0.000000
154,0.0200,0.0000,45.0001,-30.0000,0.0000,0.0000,0.0000,0.0000,0.0000,0.0000,34.5254,-1242.6670,136.5592,0.0000,0.0000,0.0000,35.8180,-1.7843,137.2054,0.0000,-0.1942,0.0000,0.0000,0.0000,0.0000,0.0000,0.0000,0.0000,5.00,3.00,2.00,0.0000,0.0000,0.0000,0,0.000000
154,0.0200,0.0000,45.0001,-30.0000,0.0000,0.0000,0.0000,0.0000,0.0000,0.0000,34.5254,-1245.7900,136.5593,0.0000,0.0000,0.0000,33.8488,-1.7843,132.5681,0.0000,-0.1942,0.0000,0.0000,0.0000,0.0000,0.0000,0.0000,0.0000,5.00,3.00,2.00,0.0000,0.0000,0.0000,0,0.000000
154,0.0200,0.0000,45.0001,-30.0000,0.0000,0.0000,0.0000,0.0000,0.0000,0.0000,34.5254,-1248.9170,136.5593,0.0000,0.0000,0.0000,32.3450,-1.7843,137.0694,0.0000,-0.1942,0.0000,0.0000,0.0000,0.0000,0.0000,0.0000,0.0000,5.00,3.00,2.00,0.0000,0.0000,0.0000,0,0.000000
154,0.0200,0.0000,45.0001,-30.0000,0.0000,0.0000,0.0000,0.0000,0.0000,0.0000,34.5254,-1252.0490,136.5592,0.0000,0.0000,0.0000,31.2054,-1.7843,134.2020,0.0000,-0.1942,0.0000,0.0000,0.0000,0.0000,0.0000,0.0000,0.0000,5.00,3.00,2.00,0.0000,0.0000,0.0000,0,0.000000
154,0.0200,0.0000,45.0001,-30.0000,0.0000,0.0000,0.0000,0.0000,0.0000,0.0000,34.5254,-1255.1840,136.5593,0.0002,-156.7566,0.0008,32.5224,-1.7843,131.9130,0.0000,-0.1942,0.0000,0.0000,0.0000,0.0000,0.0000,0.0000,0.0000,5.00,3.00,2.00,0.0000,0.0000,0.0000,0,0.000000
155,0.0200,0.0000,45.0001,-30.0000,0.0000,0.0000,0.0000,0.0000,0.0000,0.0000,34.5254,-1258.3230,136.5593,0.0000,0.0000,0.0000,35.4445,-1.7843,135.5356,0.0000,-0.1942,0.0000,0.0000,0.0000,0.0000,0.0000,0.0000,0.0000,5.00,3.00,2.00,0.0000,0.0000,0.0000,0,0.000000
155,0.0200,0.0000,45.0001,-30.0000,0.0000,0.0000,0.0000,0.0000,0.0000,0.0000,34.5254,-1261.4660,136.5593,0.0000,0.0000,0.0000,35.5196,-1.7843,132.1045,0.0000,-0.1942,0.0000,0.0000,0.0000,0.0000,0.0000,0.0000,0.0000,5.00,3.00,2.00,0.0000,0.0000,0.0000,0,0.000000
155,0.0200,0.0000,45.0001,-30.0000,0.0000,0.0000,0.0000,0.0000,0.0000,0.0000,34.5254,-1264.6130,136.5593,0.0000,0.0000,0.0000,35.7210,-1.7843,137.6159,0.0000,-0.1942,0.0000,0.0000,0.0000,0.0000,0.0000,0.0000,0.0000,5.00,3.00,2.00,0.0000,0.0000,0.0000,0,0.000000
155,0.0200,0.0000,45.0001,-30.0000,0.0000,0.0000,0.0000,0.0000,0.0000,0.0000,34.5254,-1267.7640,136.5593,0.0000,0.0000,0.0000,34.9475,-1.7843,133.2915,0.0000,-0.1942,0.0000,0.0000,0.0000,0.0000,0.0000,0.0000,0.0000,5.00,3.00,2.00,0.0000,0.0000,0.0000,0,0.000000
155,0.0200,0.0000,45.0001,-30.0000,0.0000,0.0000,0.0000,0.0000,0.0000,0.0000,34.5254,-1270.9190,136.5593,0.0002,-157.7454,0.0000,34.4063,-1.7843,137.5441,0.0000,-0.1942,0.0000,0.0000,0.0000,0.0000,0.0000,0.0000,0.0000,5.00,3.00,2.00,0.0000,0.0000,0.0000,0,0.000000
156,0.0200,0.0000,45.0001,-30.0000,0.0000,0.0000,0.0000,0.0000,0.0000,0.0000,34.5254,-1274.0780,136.5593,0.0000,0.0000,0.0000,31.2592,-1.7843,136.9192,0.0000,-0.1942,0.0000,0.0000,0.0000,0.0000,0.0000,0.0000,0.0000,5.00,3.00,2.00,0.0000,0.0000,0.0000,0,0.000000
156,0.0200,0.0000,45.0001,-30.0000,0.0000,0.0000,0.0000,0.0000,0.0000,0.0000,34.5254,-1277.2400,136.5593,0.0000,0.0000,0.0000,36.6388,-1.7843,136.4548,0.0000,-0.1942,0.0000,0.0000,0.0000,0.0000,0.0000,0.0000,0.0000,5.00,3.00,2.00,0.0000,0.0000,0.0000,0,0.000000
156,0.0200,0.0000,45.0001,-30.0000,0.0000,0.0000,0.0000,0.0000,0.0000,0.0000,34.5254,-1280.4070,136.5593,0.0000,0.0000,0.0000,34.5793,-1.7843,132.0446,0.0000,-0.1942,0.0000,0.0000,0.0000,0.0000,0.0000,0.0000,0.0000,5.00,3.00,2.00,0.0000,0.0000,0.0000,0,0.000000
156,0.0200,0.0000,45.0001,-30.0000,0.0000,0.0000,0.0000,0.0000,0.0000,0.0000,34.5254,-1283.5780,136.5593,0.0000,0.0000,0.0000,35.2973,-1.7843,137.8560,0.0000,-0.1942,0.0000,0.0000,0.0000,0.0000,0.0000,0.0000,0.0000,5.00,3.00,2.00,0.0000,0.0000,0.0000,0,0.000000
156,0.0200,0.0000,45.0001,-30.0000,0.0000,0.0000,0.0000,0.0000,0.0000,0.0000,34.5255,-1286.7520,136.5592,0.0002,-158.7280,-0.0015,36.6594,-1.7843,136.7000,0.0000,-0.1942,0.0000,0.0000,0.0000,0.0000,0.0000,0.0000,0.0000,5.00,3.00,2.00,0.0000,0.0000,0.0000,0,0.000000
157,0.0200,0.0000,45.0001,-30.0000,0.0000,0.0000,0.0000,0.0000,0.0000,0.0000,34.5255,-1289.9310,136.5593,0.0000,0.0000,0.0000,31.7308,-1.7843,134.0052,0.0000,-0.1942,0.0000,0.0000,0.0000,0.0000,0.0000,0.0000,0.0000,5.00,3.00,2.00,0.0000,0.0000,0.0000,0,0.000000
157,0.0200,0.0000,45.0001,-30.0000,0.0000,0.0000,0.0000,0.0000,0.0000,0.0000,34.5255,-1293.1130,136.5593,0.0000,0.0000,0.0000,30.9299,-1.7843,133.5876,0.0000,-0.1942,0.0000,0.0000,0.0000,0.0000,0.0000,0.0000,0.0000,5.00,3.00,2.00,0.0000,0.0000,0.0000,0,0.000000
157,0.0200,0.0000,45.0001,-30.0000,0.0000,0.0000,0.0000,0.0000,0.0000,0.0000,34.5255,-1296.2990,136.5593,0.0000,0.0000,0.0000,33.4806,-1.7843,137.3009,0.0000,-0.1942,0.0000,0.0000,0.0000,0.0000,0.0000,0.0000,0.0000,5.00,3.00,2.00,0.0000,0.0000,0.0000,0,0.000000
157,0.0200,0.0000,45.0001,-30.0000,0.0000,0.0000,0.0000,0.0000,0.0000,0.0000,34.5255,-1299.4890,136.5593,0.0000,0.0000,0.0000,33.4087,-1.7843,133.1816,0.0000,-0.1942,0.0000,0.0000,0.0000,0.0000,0.0000,0.0000,0.0000,5.00,3.00,2.00,0.0000,0.0000,0.0000,0,0.000000
157,0.0200,0.0000,45.0001,-30.0000,0.0000,0.0000,0.0000,0.0000,0.0000,0.0000,34.5255,-1302.6830,136.5593,0.0002,-159.7168,-0.0008,34.1913,-1.7843,137.0311,0.0000,-0.1942,0.0000,0.0000,0.0000,0.0000,0.0000,0.0000,0.0000,5.00,3.00,2.00,0.0000,0.0000,0.0000,0,0.000000
158,0.0200,0.0000,45.0001,-30.0000,0.0000,0.0000,0.0000,0.0000,0.0000,0.0000,34.5255,-1305.8810,136.5593,0.0000,0.0000,0.0000,31.0825,-1.7843,134.0512,0.0000,-0.1942,0.0000,0.0000,0.0000,0.0000,0.0000,0.0000,0.0000,5.00,3.00,2.00,0.0000,0.0000,0.0000,0,0.000000
158,0.0200,0.0000,45.0001,-30.0000,0.0000,0.0000,0.0000,0.0000,0.0000,0.0000,34.5255,-1309.0830,136.5593,0.0000,0.0000,0.0000,30.8927,-1.7843,136.6334,0.0000,-0.1942,0.0000,0.0000,0.0000,0.0000,0.0000,0.0000,0.0000,5.00,3.00,2.00,0.0000,0.0000,0.0000,0,0.000000
158,0.0200,0.0000,45.0001,-30.0000,0.0000,0.0000,0.0000,0.0000,0.0000,0.0000,34.5255,-1312.2890,136.5593,0.0000,0.0000,0.0000,31.9275,-1.7843,132.8661,0.0000,-0.1942,0.0000,0.0000,0.0000,0.0000,0.0000,0.0000,0.0000,5.00,3.00,2.00,0.0000,0.0000,0.0000,0,0.000000
158,0.0200,0.0000,45.0001,-30.0000,0.0000,0.0000,0.0000,0.0000,0.0000,0.0000,34.5255,-1315.4990,136.5593,0.0000,0.0000,0.0000,32.7735,-1.7843,138.0186,0.0000,-0.1942,0.0000,0.0000,0.0000,0.0000,0.0000,0.0000,0.0000,5.00,3.00,2.00,0.0000,0.0000,0.0000,0,0.000000
158,0.0200,0.0000,45.0001,-30.0000,0.0000,0.0000,0.0000,0.0000,0.0000,0.0000,34.5255,-1318.7130,136.5593,0.0002,-160.6812,0.0000,32.3839,-1.7843,137.9357,0.0000,-0.1942,0.0000,0.0000,0.0000,0.0000,0.0000,0.0000,0.0000,5.00,3.00,2.00,0.0000,0.0000,0.0000,0,0.000000
159,0.0200,0.0000,45.0001,-30.0000,0.0000,0.0000,0.0000,0.0000,0.0000,0.0000,34.5255,-1321.9300,136.5593,0.0000,0.0000,0.0000,34.7087,-1.7843,133.1460,0.0000,-0.1942,0.0000,0.0000,0.0000,0.0000,0.0000,0.0000,0.0000,5.00,3.00,2.00,0.0000,0.0000,0.0000,0,0.000000
159,0.0200,0.0000,45.0001,-30.0000,0.0000,0.0000,0.0000,0.0000,0.0000,0.0000,34.5255,-1325.1520,136.5593,0.0000,0.0000,0.0000,33.5753,-1.7843,137.1220,0.0000,-0.1942,0.0000,0.0000,0.0000,0.0000,0.0000,0.0000,0.0000,5.00,3.00,2.00,0.0000,0.0000,0.0000,0,0.000000
159,0.0200,0.0000,45.0001,-30.0000,0.0000,0.0000,0.0000,0.0000,0.0000,0.0000,34.5255,-1328.3770,136.5593,0.0000,0.0000,0.0000,36.9114,-1.7843,134.9034,0.0000,-0.1942,0.0000,0.0000,0.0000,0.0000,0.0000,0.0000,0.0000,5.00,3.00,2.00,0.0000,0.0000,0.0000,0,0.000000
159,0.0200,0.0000,45.0001,-30.0000,0.0000,0.0000,0.0000,0.0000,0.0000,0.0000,34.5255,-1331.6070,136.5593,0.0000,0.0000,0.0000,32.0982,-1.7843,137.3239,0.0000,-0.1942,0.0000,0.0000,0.0000,0.0000,0.0000,0.0000,0.0000,5.00,3.00,2.00,0.0000,0.0000,0.0000,0,0.000000
159,0.0200,0.0000,45.0001,-30.0000,0.0000,0.0000,0.0000,0.0000,0.0000,0.0000,34.5255,-1334.8400,136.5593,0.0002,-161.6638,0.0008,32.5152,-1.7843,132.9975,0.0000,-0.1942,0.0000,0.0000,0.0000,0.0000,0.0000,0.0000,0.0000,5.00,3.00,2.00,0.0000,0.0000,0.0000,0,0.000000
160,0.0200,0.0000,45.0001,-30.0000,0.0000,0.0000,0.0000,0.0000,0.0000,0.0000,34.5255,-1338.0780,136.5593,0.0000,0.0000,0.0000,36.4542,-1.7843,132.8087,0.0000,-0.1942,0.0000,0.0000,0.0000,0.0000,0.0000,0.0000,0.0000,5.00,3.00,2.00,0.0000,0.0000,0.0000,0,0.000000
160,0.0200,0.0000,45.0001,-30.0000,0.0000,0.0000,0.0000,0.0000,0.0000,0.0000,34.5255,-1341.3180,136.5593,0.0000,0.0000,0.0000,32.0033,-1.7843,136.3931,0.0000,-0.1942,0.0000,0.0000,0.0000,0.0000,0.0000,0.0000,0.0000,5.00,3.00,2.00,0.0000,0.0000,0.0000,0,0.000000
160,0.0200,0.0000,45.0001,-30.0000,0.0000,0.0000,0.0000,0.0000,0.0000,0.0000,34.5255,-1344.5640,136.5593,0.0000,0.0000,0.0000,34.4896,-1.7843,133.5214,0.0000,-0.1942,0.0000,0.0000,0.0000,0.0000,0.0000,0.0000,0.0000,5.00,3.00,2.00,0.0000,0.0000,0.0000,0,0.000000
160,0.0200,0.0000,45.0001,-30.0000,0.0000,0.0000,0.0000,0.0000,0.0000,0.0000,34.5255,-1347.8130,136.5593,0.0000,0.0000,0.0000,31.6642,-1.7843,133.4210,0.0000,-0.1942,0.0000,0.0000,0.0000,0.0000,0.0000,0.0000,0.0000,5.00,3.00,2.00,0.0000,0.0000,0.0000,0,0.000000
160,0.0200,0.0000,45.0001,-30.0000,0.0000,0.0000,0.0000,0.0000,0.0000,0.0000,34.5255,-1351.0660,136.5593,0.0002,-162.6526,-0.0008,35.2428,-1.7843,133.6757,0.0000,-0.1942,0.0000,0.0000,0.0000,0.0000,0.0000,0.0000,0.0000,5.00,3.00,2.00,0.0000,0.0000,0.0000,0,0.000000
161,0.0200,0.0000,45.0001,-30.0000,0.0000,0.0000,0.0000,0.0000,0.0000,0.0000,34.5255,-1354.3230,136.5593,0.0000,0.0000,0.0000,32.1170,-1.7843,133.9559,0.0000,-0.1942,0.0000,0.0000,0.0000,0.0000,0.0000,0.0000,0.0000,5.00,3.00,2.00,0.0000,0.0000,0.0000,0,0.000000
161,0.0200,0.0000,45.0001,-30.0000,0.0000,0.0000,0.0000,0.0000,0.0000,0.0000,34.5255,-1357.5830,136.5592,0.0000,0.0000,0.0000,32.9034,-1.7843,133.2769,0.0000,-0.1942,0.0000,0.0000,0.0000,0.0000,0.0000,0.0000,0.0000,5.00,3.00,2.00,0.0000,0.0000,0.0000,0,0.000000
161,0.0200,0.0000,45.0001,-30.0000,0.0000,0.0000,0.0000,0.0000,0.0000,0.0000,34.5255,-1360.8480,136.5593,0.0000,0.0000,0.0000,31.0812,-1.7843,137.0766,0.0000,-0.1942,0.0000,0.0000,0.0000,0.0000,0.0000,0.0000,0.0000,5.00,3.00,2.00,0.0000,0.0000,0.0000,0,0.000000
161,0.0200,0.0000,45.0001,-30.0000,0.0000,0.0000,0.0000,0.0000,0.0000,0.0000,34.5255,-1364.1170,136.5593,0.0000,0.0000,0.0000,35.1747,-1.7843,133.2739,0.0000,-0.1942,0.0000,0.0000,0.0000,0.0000,0.0000,0.0000,0.0000,5.00,3.00,2.00,0.0000,0.0000,0.0000,0,0.000000
161,0.0200,0.0000,45.0001,-30.0000,0.0000,0.0000,0.0000,0.0000,0.0000,0.0000,34.5255,-1367.3900,136.5593,0.0002,-163.6353,-0.0008,32.8579,-1.7843,136.6829,0.0000,-0.1942,0.0000,0.0000,0.0000,0.0000,0.0000,0.0000,0.0000,5.00,3.00,2.00,0.0000,0.0000,0.0000,0,0.000000
162,0.0200,0.0000,45.0001,-30.0000,0.0000,0.0000,0.0000,0.0000,0.0000,0.0000,34.5256,-1370.6660,136.5593,0.0000,0.0000,0.0000,34.8172,-1.7843,133.8209,0.0000,-0.1942,0.0000,0.0000,0.0000,0.0000,0.0000,0.0000,0.0000,5.00,3.00,2.00,0.0000,0.0000,0.0000,0,0.000000
162,0.0200,0.0000,45.0001,-30.0000,0.0000,0.0000,0.0000,0.0000,0.0000,0.0000,34.5256,-1373.9460,136.5593,0.0000,0.0000,0.0000,35.3641,-1.7843,134.2249,0.0000,-0.1942,0.0000,0.0000,0.0000,0.0000,0.0000,0.0000,0.0000,5.00,3.00,2.00,0.0000,0.0000,0.0000,0,0.000000
162,0.0200,0.0000,45.0001,-30.0000,0.0000,0.0000,0.0000,0.0000,0.0000,0.0000,34.5256,-1377.2310,136.5593,0.0000,0.0000,0.0000,34.3232,-1.7843,132.1230,0.0000,-0.1942,0.0000,0.0000,0.0000,0.0000,0.0000,0.0000,0.0000,5.00,3.00,2.00,0.0000,0.0000,0.0000,0,0.000000
162,0.0200,0.0000,45.0001,-30.0000,0.0000,0.0000,0.0000,0.0000,0.0000,0.0000,34.5256,-1380.5190,136.5593,0.0000,0.0000,0.0000,34.7758,-1.7843,137.9580,0.0000,-0.1942,0.0000,0.0000,0.0000,0.0000,0.0000,0.0000,0.0000,5.00,3.00,2.00,0.0000,0.0000,0.0000,0,0.000000
162,0.0200,0.0000,45.0001,-30.0000,0.0000,0.0000,0.0000,0.0000,0.0000,0.0000,34.5256,-1383.8110,136.5593,0.0002,-164.6118,-0.0008,34.4974,-1.7843,132.8158,0.0000,-0.1942,0.0000,0.0000,0.0000,0.0000,0.0000,0.0000,0.0000,5.00,3.00,2.00,0.0000,0.0000,0.0000,0,0.000000
163,0.0200,0.0000,45.0001,-30.0000,0.0000,0.0000,0.0000,0.0000,0.0000,0.0000,34.5256,-1387.1070,136.5593,0.0000,0.0000,0.0000,31.1525,-1.7843,134.2881,0.0000,-0.1942,0.0000,0.0000,0.0000,0.0000,0.0000,0.0000,0.0000,5.00,3.00,2.00,0.0000,0.0000,0.0000,0,0.000000
163,0.0200,0.0000,45.0001,-30.0000,0.0000,0.0000,0.0000,0.0000,0.0000,0.0000,34.5256,-1390.4070,136.5593,0.0000,0.0000,0.0000,37.3053,-1.7843,135.1886,0.0000,-0.1942,0.0000,0.0000,0.0000,0.0000,0.0000,0.0000,0.0000,5.00,3.00,2.00,0.0000,0.0000,0.0000,0,0.000000
163,0.0200,0.0000,45.0001,-30.0000,0.0000,0.0000,0.0000,0.0000,0.0000,0.0000,34.5256,-1393.7110,136.5593,0.0000,0.0000,0.0000,36.0214,-1.7843,132.8323,0.0000,-0.1942,0.0000,0.0000,0.0000,0.0000,0.0000,0.0000,0.0000,5.00,3.00,2.00,0.0000,0.0000,0.0000,0,0.000000
163,0.0200,0.0000,45.0001,-30.0000,0.0000,0.0000,0.0000,0.0000,0.0000,0.0000,34.5256,-1397.0190,136.5593,0.0000,0.0000,0.0000,31.1970,-1.7843,135.9520,0.0000,-0.1942,0.0000,0.0000,0.0000,0.0000,0.0000,0.0000,0.0000,5.00,3.00,2.00,0.0000,0.0000,0.0000,0,0.000000
163,0.0200,0.0000,45.0001,-30.0000,0.0000,0.0000,0.0000,0.0000,0.0000,0.0000,34.5256,-1400.3310,136.5593,0.0002,-165.5884,0.0008,35.4294,-1.7843,133.8946,0.0000,-0.1942,0.0000,0.0000,0.0000,0.0000,0.0000,0.0000,0.0000,5.00,3.00,2.00,0.0000,0.0000,0.0000,0,0.000000
164,0.0200,0.0000,45.0001,-30.0000,0.0000,0.0000,0.0000,0.0000,0.0000,0.0000,34.5256,-1403.6470,136.5593,0.0000,0.0000,0.0000,35.9024,-1.7843,132.9306,0.0000,-0.1942,0.0000,0.0000,0.0000,0.0000,0.0000,0.0000,0.0000,5.00,3.00,2.00,0.0000,0.0000,0.0000,0,0.000000
164,0.0200,0.0000,45.0001,-30.0000,0.0000,0.0000,0.0000,0.0000,0.0000,0.0000,34.5256,-1406.9660,136.5593,0.0000,0.0000,0.0000,35.4871,-1.7843,134.3831,0.0000,-0.1942,0.0000,0.0000,0.0000,0.0000,0.0000,0.0000,0.0000,5.00,3.00,2.00,0.0000,0.0000,0.0000,0,0.000000
164,0.0200,0.0000,45.0001,-30.0000,0.0000,0.0000,0.0000,0.0000,0.0000,0.0000,34.5256,-1410.2900,136.5593,0.0000,0.0000,0.0000,31.5217,-1.7843,133.0115,0.0000,-0.1942,0.0000,0.0000,0.0000,0.0000,0.0000,0.0000,0.0000,5.00,3.00,2.00,0.0000,0.0000,0.0000,0,0.000000
164,0.0200,0.0000,45.0001,-30.0000,0.0000,0.0000,0.0000,0.0000,0.0000,0.0000,34.5256,-1413.6180,136.5593,0.0000,0.0000,0.0000,32.3985,-1.7843,133.1702,0.0000,-0.1942,0.0000,0.0000,0.0000,0.0000,0.0000,0.0000,0.0000,5.00,3.00,2.00,0.0000,0.0000,0.0000,0,0.000000
164,0.0200,0.0000,45.0001,-30.0000,0.0000,0.0000,0.0000,0.0000,0.0000,0.0000,34.5256,-1416.9490,136.5593,0.0002,-166.5771,0.0008,32.0117,-1.7843,135.3927,0.0000,-0.1942,0.0000,0.0000,0.0000,0.0000,0.0000,0.0000,0.0000,5.00,3.00,2.00,0.0000,0.0000,0.0000,0,0.000000
165,0.0200,0.0000,45.0001,-30.0000,0.0000,0.0000,0.0000,0.0000,0.0000,0.0000,34.5256,-1420.2840,136.5593,0.0000,0.0000,0.0000,30.8745,-1.7843,135.6473,0.0000,-0.1942,0.0000,0.0000,0.0000,0.0000,0.0000,0.0000,0.0000,5.00,3.00,2.00,0.0000,0.0000,0.0000,0,0.000000
165,0.0200,0.0000,45.0001,-30.0000,0.0000,0.0000,0.0000,0.0000,0.0000,0.0000,34.5256,-1423.6240,136.5593,0.0000,0.0000,0.0000,35.9372,-1.7843,132.8503,0.0000,-0.1942,0.0000,0.0000,0.0000,0.0000,0.0000,0.0000,0.0000,5.00,3.00,2.00,0.0000,0.0000,0.0000,0,0.000000
165,0.0200,0.0000,45.0001,-30.0000,0.0000,0.0000,0.0000,0.0000,0.0000,0.0000,34.5256,-1426.9670,136.5593,0.0000,0.0000,0.0000,34.4685,-1.7843,131.9275,0.0000,-0.1942,0.0000,0.0000,0.0000,0.0000,0.0000,0.0000,0.0000,5.00,3.00,2.00,0.0000,0.0000,0.0000,0,0.000000
165,0.0200,0.0000,45.0001,-30.0000,0.0000,0.0000,0.0000,0.0000,0.0000,0.0000,34.5256,-1430.3140,136.5593,0.0000,0.0000,0.0000,33.3078,-1.7843,133.6674,0.0000,-0.1942,0.0000,0.0000,0.0000,0.0000,0.0000,0.0000,0.0000,5.00,3.00,2.00,0.0000,0.0000,0.0000,0,0.000000
165,0.0200,0.0000,45.0001,-30.0000,0.0000,0.0000,0.0000,0.0000,0.0000,0.0000,34.5256,-1433.6650,136.5593,0.0002,-167.5537,0.0000,33.4802,-1.7843,136.6895,0.0000,-0.1942,0.0000,0.0000,0.0000,0.0000,0.0000,0.0000,0.0000,5.00,3.00,2.00,0.0000,0.0000,0.0000,0,0.000000
166,0.0200,0.0000,45.0001,-30.0000,0.0000,0.0000,0.0000,0.0000,0.0000,0.0000,34.5256,-1437.0200,136.5593,0.0000,0.0000,0.0000,31.2350,-1.7843,136.6209,0.0000,-0.1942,0.0000,0.0000,0.0000,0.0000,0.0000,0.0000,0.0000,5.00,3.00,2.00,0.0000,0.0000,0.0000,0,0.000000
166,0.0200,0.0000,45.0001,-30.0000,0.0000,0.0000,0.0000,0.0000,0.0000,0.0000,34.5256,-1440.3790,136.5593,0.0000,0.0000,0.0000,32.8606,-1.7843,136.6733,0.0000,-0.1942,0.0000,0.0000,0.0000,0.0000,0.0000,0.0000,0.0000,5.00,3.00,2.00,0.0000,0.0000,0.0000,0,0.000000
166,0.0200,0.0000,45.0001,-30.0000,0.0000,0.0000,0.0000,0.0000,0.0000,0.0000,34.5256,-1443.7420,136.5593,0.0000,0.0000,0.0000,32.3891,-1.7843,134.7769,0.0000,-0.1942,0.0000,0.0000,0.0000,0.0000,0.0000,0.0000,0.0000,5.00,3.00,2.00,0.0000,0.0000,0.0000,0,0.000000
166,0.0200,0.0000,45.0001,-30.0000,0.0000,0.0000,0.0000,0.0000,0.0000,0.0000,34.5256,-1447.1090,136.5593,0.0000,0.0000,0.0000,31.8202,-1.7843,134.1544,0.0000,-0.1942,0.0000,0.0000,0.0000,0.0000,0.0000,0.0000,0.0000,5.00,3.00,2.00,0.0000,0.0000,0.0000,0,0.000000
166,0.0200,0.0000,45.0001,-30.0000,0.0000,0.0000,0.0000,0.0000,0.0000,0.0000,34.5256,-1450.4790,136.5593,0.0002,-168.5242,-0.0008,32.1399,-1.7843,135.2952,0.0000,-0.1942,0.0000,0.0000,0.0000,0.0000,0.0000,0.0000,0.0000,5.00,3.00,2.00,0.0000,0.0000,0.0000,0,0.000000
167,0.0200,0.0000,45.0001,-30.0000,0.0000,0.0000,0.0000,0.0000,0.0000,0.0000,34.5256,-1453.8540,136.5592,0.0000,0.0000,0.0000,32.7083,-1.7843,132.7484,0.0000,-0.1942,0.0000,0.0000,0.0000,0.0000,0.0000,0.0000,0.0000,5.00,3.00,2.00,0.0000,0.0000,0.0000,0,0.000000
167,0.0200,0.0000,45.0001,-30.0000,0.0000,0.0000,0.0000,0.0000,0.0000,0.0000,34.5257,-1457.2320,136.5592,0.0000,0.0000,0.0000,34.3525,-1.7843,137.2609,0.0000,-0.1942,0.0000,0.0000,0.0000,0.0000,0.0000,0.0000,0.0000,5.00,3.00,2.00,0.0000,0.0000,0.0000,0,0.000000
167,0.0200,0.0000,45.0001,-30.0000,0.0000,0.0000,0.0000,0.0000,0.0000,0.0000,34.5257,-1460.6150,136.5593,0.0000,0.0000,0.0000,33.9904,-1.7843,132.7708,0.0000,-0.1942,0.0000,0.0000,0.0000,0.0000,0.0000,0.0000,0.0000,5.00,3.00,2.00,0.0000,0.0000,0.0000,0,0.000000
167,0.0200,0.0000,45.0001,-30.0000,0.0000,0.0000,0.0000,0.0000,0.0000,0.0000,34.5257,-1464.0010,136.5593,0.0000,0.0000,0.0000,31.4111,-1.7843,133.8229,0.0000,-0.1942,0.0000,0.0000,0.0000,0.0000,0.0000,0.0000,0.0000,5.00,3.00,2.00,0.0000,0.0000,0.0000,0,0.000000
167,0.0200,0.0000,45.0001,-30.0000,0.0000,0.0000,0.0000,0.0000,0.0000,0.0000,34.5257,-1467.3910,136.5592,0.0002,-169.5068,-0.0015,35.7662,-1.7843,133.2083,0.0000,-0.1942,0.0000,0.0000,0.0000,0.0000,0.0000,0.0000,0.0000,5.00,3.00,2.00,0.0000,0.0000,0.0000,0,0.000000
168,0.0200,0.0000,45.0001,-30.0000,0.0000,0.0000,0.0000,0.0000,0.0000,0.0000,34.5257,-1470.7860,136.5593,0.0000,0.0000,0.0000,33.0842,-1.7843,137.1288,0.0000,-0.1942,0.0000,0.0000,0.0000,0.0000,0.0000,0.0000,0.0000,5.00,3.00,2.00,0.0000,0.0000,0.0000,0,0.000000
168,0.0200,0.0000,45.0001,-30.0000,0.0000,0.0000,0.0000,0.0000,0.0000,0.0000,34.5257,-1474.1840,136.5593,0.0000,0.0000,0.0000,35.2113,-1.7843,136.7924,0.0000,-0.1942,0.0000,0.0000,0.0000,0.0000,0.0000,0.0000,0.0000,5.00,3.00,2.00,0.0000,0.0000,0.0000,0,0.000000
168,0.0200,0.0000,45.0001,-30.0000,0.0000,0.0000,0.0000,0.0000,0.0000,0.0000,34.5257,-1477.5860,136.5592,0.0000,0.0000,0.0000,34.4326,-1.7843,136.7243,0.0000,-0.1942,0.0000,0.0000,0.0000,0.0000,0.0000,0.0000,0.0000,5.00,3.00,2.00,0.0000,0.0000,0.0000,0,0.000000
168,0.0200,0.0000,45.0001,-30.0000,0.0000,0.0000,0.0000,0.0000,0.0000,0.0000,34.5257,-1480.9920,136.5592,0.0000,0.0000,0.0000,32.2942,-1.7843,136.2930,0.0000,-0.1942,0.0000,0.0000,0.0000,0.0000,0.0000,0.0000,0.0000,5.00,3.00,2.00,0.0000,0.0000,0.0000,0,0.000000
168,0.0200,0.0000,45.0001,-30.0000,0.0000,0.0000,0.0000,0.0000,0.0000,0.0000,34.5257,-1484.4020,136.5592,0.0002,-170.4895,0.0000,32.8103,-1.7843,132.4924,0.0000,-0.1942,0.0000,0.0000,0.0000,0.0000,0.0000,0.0000,0.0000,5.00,3.00,2.00,0.0000,0.0000,0.0000,0,0.000000
169,0.0200,0.0000,45.0001,-30.0000,0.0000,0.0000,0.0000,0.0000,0.0000,0.0000,34.5257,-1487.8160,136.5593,0.0000,0.0000,0.0000,36.1119,-1.7843,135.2849,0.0000,-0.1942,0.0000,0.0000,0.0000,0.0000,0.0000,0.0000,0.0000,5.00,3.00,2.00,0.0000,0.0000,0.0000,0,0.000000
169,0.0200,0.0000,45.0001,-30.0000,0.0000,0.0000,0.0000,0.0000,0.0000,0.0000,34.5257,-1491.2330,136.5592,0.0000,0.0000,0.0000,33.5828,-1.7843,137.0685,0.0000,-0.1942,0.0000,0.0000,0.0000,0.0000,0.0000,0.0000,0.0000,5.00,3.00,2.00,0.0000,0.0000,0.0000,0,0.000000
169,0.0200,0.0000,45.0001,-30.0000,0.0000,0.0000,0.0000,0.0000,0.0000,0.0000,34.5257,-1494.6550,136.5593,0.0000,0.0000,0.0000,31.2953,-1.7843,134.3273,0.0000,-0.1942,0.0000,0.0000,0.0000,0.0000,0.0000,0.0000,0.0000,5.00,3.00,2.00,0.0000,0.0000,0.0000,0,0.000000
169,0.0200,0.0000,45.0001,-30.0000,0.0000,0.0000,0.0000,0.0000,0.0000,0.0000,34.5257,-1498.0810,136.5592,0.0000,0.0000,0.0000,31.9855,-1.7843,132.9691,0.0000,-0.1942,0.0000,0.0000,0.0000,0.0000,0.0000,0.0000,0.0000,5.00,3.00,2.00,0.0000,0.0000,0.0000,0,0.000000
169,0.0200,0.0000,45.0001,-30.0000,0.0000,0.0000,0.0000,0.0000,0.0000,0.0000,34.5257,-1501.5100,136.5593,0.0002,-171.4844,0.0015,32.9312,-1.7843,138.1375,0.0000,-0.1942,0.0000,0.0000,0.0000,0.0000,0.0000,0.0000,0.0000,5.00,3.00,2.00,0.0000,0.0000,0.0000,0,0.000000
170,0.0200,0.0000,45.0001,-30.0000,0.0000,0.0000,0.0000,0.0000,0.0000,0.0000,34.5257,-1504.9440,136.5592,0.0000,0.0000,0.0000,35.4720,-1.7843,132.4838,0.0000,-0.1942,0.0000,0.0000,0.0000,0.0000,0.0000,0.0000,0.0000,5.00,3.00,2.00,0.0000,0.0000,0.0000,0,0.000000
170,0.0200,0.0000,45.0001,-30.0000,0.0000,0.0000,0.0000,0.0000,0.0000,0.0000,34.5257,-1508.3810,136.5593,0.0000,0.0000,0.0000,36.6524,-1.7843,133.1241,0.0000,-0.1942,0.0000,0.0000,0.0000,0.0000,0.0000,0.0000,0.0000,5.00,3.00,2.00,0.0000,0.0000,0.0000,0,0.000000
170,0.0200,0.0000,45.0001,-30.0000,0.0000,0.0000,0.0000,0.0000,0.0000,0.0000,34.5257,-1511.8220,136.5593,0.0000,0.0000,0.0000,35.2908,-1.7843,136.8146,0.0000,-0.1942,0.0000,0.0000,0.0000,0.0000,0.0000,0.0000,0.0000,5.00,3.00,2.00,0.0000,0.0000,0.0000,0,0.000000
170,0.0200,0.0000,45.0001,-30.0000,0.0000,0.0000,0.0000,0.0000,0.0000,0.0000,34.5257,-1515.2670,136.5592,0.0000,0.0000,0.0000,32.6828,-1.7843,137.4685,0.0000,-0.1942,0.0000,0.0000,0.0000,0.0000,0.0000,0.0000,0.0000,5.00,3.00,2.00,0.0000,0.0000,0.0000,0,0.000000
170,0.0200,0.0000,45.0001,-30.0000,0.0000,0.0000,0.0000,0.0000,0.0000,0.0000,34.5257,-1518.7170,136.5592,0.0002,-172.4548,0.0000,36.4123,-1.7843,136.4842,0.0000,-0.1942,0.0000,0.0000,0.0000,0.0000,0.0000,0.0000,0.0000,5.00,3.00,2.00,0.0000,0.0000,0.0000,0,0.000000
171,0.0200,0.0000,45.0001,-30.0000,0.0000,0.0000,0.0000,0.0000,0.0000,0.0000,34.5257,-1522.1700,136.5592,0.0000,0.0000,0.0000,32.6641,-1.7843,134.1636,0.0000,-0.1942,0.0000,0.0000,0.0000,0.0000,0.0000,0.0000,0.0000,5.00,3.00,2.00,0.0000,0.0000,0.0000,0,0.000000
171,0.0200,0.0000,45.0001,-30.0000,0.0000,0.0000,0.0000,0.0000,0.0000,0.0000,34.5257,-1525.6270,136.5593,0.0000,0.0000,0.0000,33.3280,-1.7843,131.7968,0.0000,-0.1942,0.0000,0.0000,0.0000,0.0000,0.0000,0.0000,0.0000,5.00,3.00,2.00,0.0000,0.0000,0.0000,0,0.000000
171,0.0200,0.0000,45.0001,-30.0000,0.0000,0.0000,0.0000,0.0000,0.0000,0.0000,34.5257,-1529.0880,136.5593,0.0000,0.0000,0.0000,31.3987,-1.7843,133.6549,0.0000,-0.1942,0.0000,0.0000,0.0000,0.0000,0.0000,0.0000,0.0000,5.00,3.00,2.00,0.0000,0.0000,0.0000,0,0.000000
171,0.0200,0.0000,45.0001,-30.0000,0.0000,0.0000,0.0000,0.0000,0.0000,0.0000,34.5257,-1532.5520,136.5593,0.0000,0.0000,0.0000,33.0213,-1.7843,133.7036,0.0000,-0.1942,0.0000,0.0000,0.0000,0.0000,0.0000,0.0000,0.0000,5.00,3.00,2.00,0.0000,0.0000,0.0000,0,0.000000
171,0.0200,0.0000,45.0001,-30.0000,0.0000,0.0000,0.0000,0.0000,0.0000,0.0000,34.5257,-1536.0210,136.5592,0.0002,-173.4375,-0.0023,30.8902,-1.7843,136.8280,0.0000,-0.1942,0.0000,0.0000,0.0000,0.0000,0.0000,0.0000,0.0000,5.00,3.00,2.00,0.0000,0.0000,0.0000,0,0.000000
172,0.0200,0.0000,45.0001,-30.0000,0.0000,0.0000,0.0000,0.0000,0.0000,0.0000,34.5257,-1539.4940,136.5592,0.0000,0.0000,0.0000,33.5724,-1.7843,132.9222,0.0000,-0.1942,0.0000,0.0000,0.0000,0.0000,0.0000,0.0000,0.0000,5.00,3.00,2.00,0.0000,0.0000,0.0000,0,0.000000
172,0.0200,0.0000,45.0001,-30.0000,0.0000,0.0000,0.0000,0.0000,0.0000,0.0000,34.5257,-1542.9710,136.5593,0.0000,0.0000,0.0000,32.2378,-1.7843,137.7277,0.0000,-0.1942,0.0000,0.0000,0.0000,0.0000,0.0000,0.0000,0.0000,5.00,3.00,2.00,0.0000,0.0000,0.0000,0,0.000000
172,0.0200,0.0000,45.0001,-30.0000,0.0000,0.0000,0.0000,0.0000,0.0000,0.0000,34.5258,-1546.4510,136.5592,0.0000,0.0000,0.0000,32.4942,-1.7843,137.0836,0.0000,-0.1942,0.0000,0.0000,0.0000,0.0000,0.0000,0.0000,0.0000,5.00,3.00,2.00,0.0000,0.0000,0.0000,0,0.000000
172,0.0200,0.0000,45.0001,-30.0000,0.0000,0.0000,0.0000,0.0000,0.0000,0.0000,34.5258,-1549.9360,136.5593,0.0000,0.0000,0.0000,35.5886,-1.7843,133.7135,0.0000,-0.1942,0.0000,0.0000,0.0000,0.0000,0.0000,0.0000,0.0000,5.00,3.00,2.00,0.0000,0.0000,0.0000,0,0.000000
172,0.0200,0.0000,45.0001,-30.0000,0.0000,0.0000,0.0000,0.0000,0.0000,0.0000,34.5258,-1553.4240,136.5593,0.0002,-174.4263,0.0000,36.0964,-1.7843,133.3182,0.0000,-0.1942,0.0000,0.0000,0.0000,0.0000,0.0000,0.0000,0.0000,5.00,3.00,2.00,0.0000,0.0000,0.0000,0,0.000000
173,0.0200,0.0000,45.0001,-30.0000,0.0000,0.0000,0.0000,0.0000,0.0000,0.0000,34.5258,-1556.9160,136.5593,0.0000,0.0000,0.0000,34.4657,-1.7843,133.6122,0.0000,-0.1942,0.0000,0.0000,0.0000,0.0000,0.0000,0.0000,0.0000,5.00,3.00,2.00,0.0000,0.0000,0.0000,0,0.000000
173,0.0200,0.0000,45.0001,-30.0000,0.0000,0.0000,0.0000,0.0000,0.0000,0.0000,34.5258,-1560.4120,136.5592,0.0000,0.0000,0.0000,35.5466,-1.7843,133.9628,0.0000,-0.1942,0.0000,0.0000,0.0000,0.0000,0.0000,0.0000,0.0000,5.00,3.00,2.00,0.0000,0.0000,0.0000,0,0.000000
173,0.0200,0.0000,45.0001,-30.0000,0.0000,0.0000,0.0000,0.0000,0.0000,0.0000,34.5258,-1563.9130,136.5593,0.0000,0.0000,0.0000,34.6926,-1.7843,138.1557,0.0000,-0.1942,0.0000,0.0000,0.0000,0.0000,0.0000,0.0000,0.0000,5.00,3.00,2.00,0.0000,0.0000,0.0000,0,0.000000
173,0.0200,0.0000,45.0001,-30.0000,0.0000,0.0000,0.0000,0.0000,0.0000,0.0000,34.5258,-1567.4170,136.5593,0.0000,0.0000,0.0000,32.8610,-1.7843,137.1636,0.0000,-0.1942,0.0000,0.0000,0.0000,0.0000,0.0000,0.0000,0.0000,5.00,3.00,2.00,0.0000,0.0000,0.0000,0,0.000000
173,0.0200,0.0000,45.0001,-30.0000,0.0000,0.0000,0.0000,0.0000,0.0000,0.0000,34.5258,-1570.9250,136.5593,0.0002,-175.3967,0.0000,32.7258,-1.7843,136.7800,0.0000,-0.1942,0.0000,0.0000,0.0000,0.0000,0.0000,0.0000,0.0000,5.00,3.00,2.00,0.0000,0.0000,0.0000,0,0.000000
174,0.0200,0.0000,45.0001,-30.0000,0.0000,0.0000,0.0000,0.0000,0.0000,0.0000,34.5258,-1574.4370,136.5592,0.0000,0.0000,0.0000,32.9392,-1.7843,132.9762,0.0000,-0.1942,0.0000,0.0000,0.0000,0.0000,0.0000,0.0000,0.0000,5.00,3.00,2.00,0.0000,0.0000,0.0000,0,0.000000
174,0.0200,0.0000,45.0001,-30.0000,0.0000,0.0000,0.0000,0.0000,0.0000,0.0000,34.5258,-1577.9530,136.5592,0.0000,0.0000,0.0000,37.0573,-1.7843,134.5144,0.0000,-0.1942,0.0000,0.0000,0.0000,0.0000,0.0000,0.0000,0.0000,5.00,3.00,2.00,0.0000,0.0000,0.0000,0,0.000000
174,0.0200,0.0000,45.0001,-30.0000,0.0000,0.0000,0.0000,0.0000,0.0000,0.0000,34.5258,-1581.4720,136.5592,0.0000,0.0000,0.0000,36.8464,-1.7843,133.3857,0.0000,-0.1942,0.0000,0.0000,0.0000,0.0000,0.0000,0.0000,0.0000,5.00,3.00,2.00,0.0000,0.0000,0.0000,0,0.000000
174,0.0200,0.0000,45.0001,-30.0000,0.0000,0.0000,0.0000,0.0000,0.0000,0.0000,34.5258,-1584.9960,136.5592,0.0000,0.0000,0.0000,35.8739,-1.7843,136.5252,0.0000,-0.1942,0.0000,0.0000,0.0000,0.0000,0.0000,0.0000,0.0000,5.00,3.00,2.00,0.0000,0.0000,0.0000,0,0.000000
174,0.0200,0.0000,45.0001,-30.0000,0.0000,0.0000,0.0000,0.0000,0.0000,0.0000,34.5258,-1588.5240,136.5592,0.0002,-176.3794,0.0000,32.6688,-1.7843,136.4109,0.0000,-0.1942,0.0000,0.0000,0.0000,0.0000,0.0000,0.0000,0.0000,5.00,3.00,2.00,0.0000,0.0000,0.0000,0,0.000000
175,0.0200,0.0000,45.0001,-30.0000,0.0000,0.0000,0.0000,0.0000,0.0000,0.0000,34.5258,-1592.0550,136.5593,0.0000,0.0000,0.0000,31.2435,-1.7843,136.4671,0.0000,-0.1942,0.0000,0.0000,0.0000,0.0000,0.0000,0.0000,0.0000,5.00,3.00,2.00,0.0000,0.0000,0.0000,0,0.000000
175,0.0200,0.0000,45.0001,-30.0000,0.0000,0.0000,0.0000,0.0000,0.0000,0.0000,34.5258,-1595.5910,136.5593,0.0000,0.0000,0.0000,33.3006,-1.7843,132.6526,0.0000,-0.1942,0.0000,0.0000,0.0000,0.0000,0.0000,0.0000,0.0000,5.00,3.00,2.00,0.0000,0.0000,0.0000,0,0.000000
175,0.0200,0.0000,45.0001,-30.0000,0.0000,0.0000,0.0000,0.0000,0.0000,0.0000,34.5258,-1599.1300,136.5593,0.0000,0.0000,0.0000,33.4308,-1.7843,137.1792,0.0000,-0.1942,0.0000,0.0000,0.0000,0.0000,0.0000,0.0000,0.0000,5.00,3.00,2.00,0.0000,0.0000,0.0000,0,0.000000
175,0.0200,0.0000,45.0001,-30.0000,0.0000,0.0000,0.0000,0.0000,0.0000,0.0000,34.5258,-1602.6730,136.5592,0.0000,0.0000,0.0000,35.2851,-1.7843,137.7478,0.0000,-0.1942,0.0000,0.0000,0.0000,0.0000,0.0000,0.0000,0.0000,5.00,3.00,2.00,0.0000,0.0000,0.0000,0,0.000000
175,0.0200,0.0000,45.0001,-30.0000,0.0000,0.0000,0.0000,0.0000,0.0000,0.0000,34.5258,-1606.2210,136.5592,0.0002,-177.3621,0.0000,35.8242,-1.7843,137.8222,0.0000,-0.1942,0.0000,0.0000,0.0000,0.0000,0.0000,0.0000,0.0000,5.00,3.00,2.00,0.0000,0.0000,0.0000,0,0.000000
176,0.0200,0.0000,45.0001,-30.0000,0.0000,0.0000,0.0000,0.0000,0.0000,0.0000,34.5258,-1609.7720,136.5593,0.0000,0.0000,0.0000,35.8748,-1.7843,134.8311,0.0000,-0.1942,0.0000,0.0000,0.0000,0.0000,0.0000,0.0000,0.0000,5.00,3.00,2.00,0.0000,0.0000,0.0000,0,0.000000
176,0.0200,0.0000,45.0001,-30.0000,0.0000,0.0000,0.0000,0.0000,0.0000,0.0000,34.5258,-1613.3270,136.5592,0.0000,0.0000,0.0000,31.6154,-1.7843,133.9334,0.0000,-0.1942,0.0000,0.0000,0.0000,0.0000,0.0000,0.0000,0.0000,5.00,3.00,2.00,0.0000,0.0000,0.0000,0,0.000000
176,0.0200,0.0000,45.0001,-30.0000,0.0000,0.0000,0.0000,0.0000,0.0000,0.0000,34.5258,-1616.8860,136.5593,0.0000,0.0000,0.0000,36.5537,-1.7843,136.7347,0.0000,-0.1942,0.0000,0.0000,0.0000,0.0000,0.0000,0.0000,0.0000,5.00,3.00,2.00,0.0000,0.0000,0.0000,0,0.000000
176,0.0200,0.0000,45.0001,-30.0000,0.0000,0.0000,0.0000,0.0000,0.0000,0.0000,34.5258,-1620.4490,136.5593,0.0000,0.0000,0.0000,36.3457,-1.7843,136.7420,0.0000,-0.1942,0.0000,0.0000,0.0000,0.0000,0.0000,0.0000,0.0000,5.00,3.00,2.00,0.0000,0.0000,0.0000,0,0.000000
176,0.0200,0.0000,45.0001,-30.0000,0.0000,0.0000,0.0000,0.0000,0.0000,0.0000,34.5258,-1624.0160,136.5592,0.0002,-178.3447,-0.0015,32.8548,-1.7843,136.9280,0.0000,-0.1942,0.0000,0.0000,0.0000,0.0000,0.0000,0.0000,0.0000,5.00,3.00,2.00,0.0000,0.0000,0.0000,0,0.000000
177,0.0200,0.0000,45.0001,-30.0000,0.0000,0.0000,0.0000,0.0000,0.0000,0.0000,34.5258,-1627.5870,136.5592,0.0000,0.0000,0.0000,31.2358,-1.7843,132.8481,0.0000,-0.1942,0.0000,0.0000,0.0000,0.0000,0.0000,0.0000,0.0000,5.00,3.00,2.00,0.0000,0.0000,0.0000,0,0.000000
177,0.0200,0.0000,45.0001,-30.0000,0.0000,0.0000,0.0000,0.0000,0.0000,0.0000,34.5258,-1631.1610,136.5593,0.0000,0.0000,0.0000,35.2470,-1.7843,135.7649,0.0000,-0.1942,0.0000,0.0000,0.0000,0.0000,0.0000,0.0000,0.0000,5.00,3.00,2.00,0.0000,0.0000,0.0000,0,0.000000
177,0.0200,0.0000,45.0001,-30.0000,0.0000,0.0000,0.0000,0.0000,0.0000,0.0000,34.5258,-1634.7400,136.5592,0.0000,0.0000,0.0000,32.6637,-1.7843,132.5574,0.0000,-0.1942,0.0000,0.0000,0.0000,0.0000,0.0000,0.0000,0.0000,5.00,3.00,2.00,0.0000,0.0000,0.0000,0,0.000000
177,0.0200,0.0000,45.0001,-30.0000,0.0000,0.0000,0.0000,0.0000,0.0000,0.0000,34.5258,-1638.3230,136.5592,0.0000,0.0000,0.0000,31.6310,-1.7843,133.1411,0.0000,-0.1942,0.0000,0.0000,0.0000,0.0000,0.0000,0.0000,0.0000,5.00,3.00,2.00,0.0000,0.0000,0.0000,0,0.000000
177,0.0200,0.0000,45.0001,-30.0000,0.0000,0.0000,0.0000,0.0000,0.0000,0.0000,34.5259,-1641.9090,136.5593,0.0002,-179.3274,0.0015,36.0053,-1.7843,134.3794,0.0000,-0.1942,0.0000,0.0000,0.0000,0.0000,0.0000,0.0000,0.0000,5.00,3.00,2.00,0.0000,0.0000,0.0000,0,0.000000
178,0.0200,0.0000,45.0001,-30.0000,0.0000,0.0000,0.0000,0.0000,0.0000,0.0000,34.5259,-1645.5000,136.5593,0.0000,0.0000,0.0000,35.5694,-1.7843,137.4978,0.0000,-0.1942,0.0000,0.0000,0.0000,0.0000,0.0000,0.0000,0.0000,5.00,3.00,2.00,0.0000,0.0000,0.0000,0,0.000000
178,0.0200,0.0000,45.0001,-30.0000,0.0000,0.0000,0.0000,0.0000,0.0000,0.0000,34.5259,-1649.0940,136.5592,0.0000,0.0000,0.0000,30.5508,-1.7843,135.8527,0.0000,-0.1942,0.0000,0.0000,0.0000,0.0000,0.0000,0.0000,0.0000,5.00,3.00,2.00,0.0000,0.0000,0.0000,0,0.000000
178,0.0200,0.0000,45.0001,-30.0000,0.0000,0.0000,0.0000,0.0000,0.0000,0.0000,34.5259,-1652.6920,136.5592,0.0000,0.0000,0.0000,32.9563,-1.7843,137.9209,0.0000,-0.1942,0.0000,0.0000,0.0000,0.0000,0.0000,0.0000,0.0000,5.00,3.00,2.00,0.0000,0.0000,0.0000,0,0.000000
178,0.0200,0.0000,45.0001,-30.0000,0.0000,0.0000,0.0000,0.0000,0.0000,0.0000,34.5259,-1656.2940,136.5592,0.0000,0.0000,0.0000,35.0808,-1.7843,133.4592,0.0000,-0.1942,0.0000,0.0000,0.0000,0.0000,0.0000,0.0000,0.0000,5.00,3.00,2.00,0.0000,0.0000,0.0000,0,0.000000
178,0.0200,0.0000,45.0001,-30.0000,0.0000,0.0000,0.0000,0.0000,0.0000,0.0000,34.5259,-1659.9010,136.5593,0.0002,-180.3040,0.0023,35.5677,-1.7843,132.7139,0.0000,-0.1942,0.0000,0.0000,0.0000,0.0000,0.0000,0.0000,0.0000,5.00,3.00,2.00,0.0000,0.0000,0.0000,0,0.000000
179,0.0200,0.0000,45.0001,-30.0000,0.0000,0.0000,0.0000,0.0000,0.0000,0.0000,34.5259,-1663.5110,136.5592,0.0000,0.0000,0.0000,35.3224,-1.7843,136.5890,0.0000,-0.1942,0.0000,0.0000,0.0000,0.0000,0.0000,0.0000,0.0000,5.00,3.00,2.00,0.0000,0.0000,0.0000,0,0.000000
179,0.0200,0.0000,45.0001,-30.0000,0.0000,0.0000,0.0000,0.0000,0.0000,0.0000,34.5259,-1667.1240,136.5592,0.0000,0.0000,0.0000,35.5458,-1.7843,136.3418,0.0000,-0.1942,0.0000,0.0000,0.0000,0.0000,0.0000,0.0000,0.0000,5.00,3.00,2.00,0.0000,0.0000,0.0000,0,0.000000
179,0.0200,0.0000,45.0001,-30.0000,0.0000,0.0000,0.0000,0.0000,0.0000,0.0000,34.5259,-1670.7420,136.5592,0.0000,0.0000,0.0000,36.3991,-1.7843,136.0457,0.0000,-0.1942,0.0000,0.0000,0.0000,0.0000,0.0000,0.0000,0.0000,5.00,3.00,2.00,0.0000,0.0000,0.0000,0,0.000000
179,0.0200,0.0000,45.0001,-30.0000,0.0000,0.0000,0.0000,0.0000,0.0000,0.0000,34.5259,-1674.3640,136.5592,0.0000,0.0000,0.0000,36.8462,-1.7843,134.7235,0.0000,-0.1942,0.0000,0.0000,0.0000,0.0000,0.0000,0.0000,0.0000,5.00,3.00,2.00,0.0000,0.0000,0.0000,0,0.000000
179,0.0200,0.0000,45.0001,-30.0000,0.0000,0.0000,0.0000,0.0000,0.0000,0.0000,34.5259,-1677.9900,136.5592,0.0002,-181.2805,0.0000,31.3994,-1.7843,135.4197,0.0000,-0.1942,0.0000,0.0000,0.0000,0.0000,0.0000,0.0000,0.0000,5.00,3.00,2.00,0.0000,0.0000,0.0000,0,0.000000
180,0.0200,0.0000,45.0001,-30.0000,0.0000,0.0000,0.0000,0.0000,0.0000,0.0000,34.5259,-1681.6200,136.5593,0.0000,0.0000,0.0000,33.0577,-1.7843,136.9270,0.0000,-0.1942,0.0000,0.0000,0.0000,0.0000,0.0000,0.0000,0.0000,5.00,3.00,2.00,0.0000,0.0000,0.0000,0,0.000000
180,0.0200,0.0000,45.0001,-30.0000,0.0000,0.0000,0.0000,0.0000,0.0000,0.0000,34.5259,-1685.2530,136.5593,0.0000,0.0000,0.0000,33.0508,-1.7843,136.7367,0.0000,-0.1942,0.0000,0.0000,0.0000,0.0000,0.0000,0.0000,0.0000,5.00,3.00,2.00,0.0000,0.0000,0.0000,0,0.000000
180,0.0200,0.0000,45.0001,-30.0000,0.0000,0.0000,0.0000,0.0000,0.0000,0.0000,34.5259,-1688.8910,136.5593,0.0000,0.0000,0.0000,35.9725,-1.7843,135.3402,0.0000,-0.1942,0.0000,0.0000,0.0000,0.0000,0.0000,0.0000,0.0000,5.00,3.00,2.00,0.0000,0.0000,0.0000,0,0.000000
180,0.0200,0.0000,45.0001,-30.0000,0.0000,0.0000,0.0000,0.0000,0.0000,0.0000,34.5259,-1692.5320,136.5593,0.0000,0.0000,0.0000,31.7212,-1.7843,133.7783,0.0000,-0.1942,0.0000,0.0000,0.0000,0.0000,0.0000,0.0000,0.0000,5.00,3.00,2.00,0.0000,0.0000,0.0000,0,0.000000
180,0.0200,0.0000,45.0001,-30.0000,0.0000,0.0000,0.0000,0.0000,0.0000,0.0000,34.5259,-1696.1770,136.5593,0.0002,-182.2632,0.0000,32.5569,-1.7843,136.1989,0.0000,-0.1942,0.0000,0.0000,0.0000,0.0000,0.0000,0.0000,0.0000,5.00,3.00,2.00,0.0000,0.0000,0.0000,0,0.000000
181,0.0200,0.0000,45.0001,-30.0000,0.0000,0.0000,0.0000,0.0000,0.0000,0.0000,34.5259,-1699.8270,136.5592,0.0000,0.0000,0.0000,36.4114,-1.7843,135.8032,0.0000,-0.1942,0.0000,0.0000,0.0000,0.0000,0.0000,0.0000,0.0000,5.00,3.00,2.00,0.0000,0.0000,0.0000,0,0.000000
181,0.0200,0.0000,45.0001,-30.0000,0.0000,0.0000,0.0000,0.0000,0.0000,0.0000,34.5259,-1703.4800,136.5593,0.0000,0.0000,0.0000,34.5480,-1.7843,137.7331,0.0000,-0.1942,0.0000,0.0000,0.0000,0.0000,0.0000,0.0000,0.0000,5.00,3.00,2.00,0.0000,0.0000,0.0000,0,0.000000
181,0.0200,0.0000,45.0001,-30.0000,0.0000,0.0000,0.0000,0.0000,0.0000,0.0000,34.5259,-1707.1370,136.5592,0.0000,0.0000,0.0000,33.2087,-1.7843,133.0717,0.0000,-0.1942,0.0000,0.0000,0.0000,0.0000,0.0000,0.0000,0.0000,5.00,3.00,2.00,0.0000,0.0000,0.0000,0,0.000000
181,0.0200,0.0000,45.0001,-30.0000,0.0000,0.0000,0.0000,0.0000,0.0000,0.0000,34.5259,-1710.7980,136.5593,0.0000,0.0000,0.0000,35.6785,-1.7843,134.9426,0.0000,-0.1942,0.0000,0.0000,0.0000,0.0000,0.0000,0.0000,0.0000,5.00,3.00,2.00,0.0000,0.0000,0.0000,0,0.000000
181,0.0200,0.0000,45.0001,-30.0000,0.0000,0.0000,0.0000,0.0000,0.0000,0.0000,34.5259,-1714.4630,136.5593,0.0002,-183.2581,-0.0008,32.4484,-1.7843,136.6584,0.0000,-0.1942,0.0000,0.0000,0.0000,0.0000,0.0000,0.0000,0.0000,5.00,3.00,2.00,0.0000,0.0000,0.0000,0,0.000000
182,0.0200,0.0000,45.0001,-30.0000,0.0000,0.0000,0.0000,0.0000,0.0000,0.0000,34.5259,-1718.1320,136.5593,0.0000,0.0000,0.0000,33.4821,-1.7843,137.9706,0.0000,-0.1942,0.0000,0.0000,0.0000,0.0000,0.0000,0.0000,0.0000,5.00,3.00,2.00,0.0000,0.0000,0.0000,0,0.000000
182,0.0200,0.0000,45.0001,-30.0000,0.0000,0.0000,0.0000,0.0000,0.0000,0.0000,34.5259,-1721.8050,136.5593,0.0000,0.0000,0.0000,32.2408,-1.7843,135.5364,0.0000,-0.1942,0.0000,0.0000,0.0000,0.0000,0.0000,0.0000,0.0000,5.00,3.00,2.00,0.0000,0.0000,0.0000,0,0.000000
182,0.0200,0.0000,45.0001,-30.0000,0.0000,0.0000,0.0000,0.0000,0.0000,0.0000,34.5259,-1725.4820,136.5593,0.0000,0.0000,0.0000,32.0616,-1.7843,134.1988,0.0000,-0.1942,0.0000,0.0000,0.0000,0.0000,0.0000,0.0000,0.0000,5.00,3.00,2.00,0.0000,0.0000,0.0000,0,0.000000
182,0.0200,0.0000,45.0001,-30.0000,0.0000,0.0000,0.0000,0.0000,0.0000,0.0000,34.5259,-1729.1620,136.5593,0.0000,0.0000,0.0000,32.2714,-1.7843,132.9634,0.0000,-0.1942,0.0000,0.0000,0.0000,0.0000,0.0000,0.0000,0.0000,5.00,3.00,2.00,0.0000,0.0000,0.0000,0,0.000000
182,0.0200,0.0000,45.0001,-30.0000,0.0000,0.0000,0.0000,0.0000,0.0000,0.0000,34.5259,-1732.8470,136.5593,0.0002,-184.2346,0.0000,35.4200,-1.7843,137.1614,0.0000,-0.1942,0.0000,0.0000,0.0000,0.0000,0.0000,0.0000,0.0000,5.00,3.00,2.00,0.0000,0.0000,0.0000,0,0.000000
183,0.0200,0.0000,45.0001,-30.0000,0.0000,0.0000,0.0000,0.0000,0.0000,0.0000,34.5260,-1736.5350,136.5592,0.0000,0.0000,0.0000,32.9038,-1.7843,132.6164,0.0000,-0.1942,0.0000,0.0000,0.0000,0.0000,0.0000,0.0000,0.0000,5.00,3.00,2.00,0.0000,0.0000,0.0000,0,0.000000
183,0.0200,0.0000,45.0001,-30.0000,0.0000,0.0000,0.0000,0.0000,0.0000,0.0000,34.5260,-1740.2280,136.5592,0.0000,0.0000,0.0000,36.6737,-1.7843,135.8127,0.0000,-0.1942,0.0000,0.0000,0.0000,0.0000,0.0000,0.0000,0.0000,5.00,3.00,2.00,0.0000,0.0000,0.0000,0,0.000000
183,0.0200,0.0000,45.0001,-30.0000,0.0000,0.0000,0.0000,0.0000,0.0000,0.0000,34.5260,-1743.9240,136.5593,0.0000,0.0000,0.0000,33.7578,-1.7843,138.5313,0.0000,-0.1942,0.0000,0.0000,0.0000,0.0000,0.0000,0.0000,0.0000,5.00,3.00,2.00,0.0000,0.0000,0.0000,0,0.000000
183,0.0200,0.0000,45.0001,-30.0000,0.0000,0.0000,0.0000,0.0000,0.0000,0.0000,34.5260,-1747.6240,136.5593,0.0000,0.0000,0.0000,34.9389,-1.7843,133.5791,0.0000,-0.1942,0.0000,0.0000,0.0000,0.0000,0.0000,0.0000,0.0000,5.00,3.00,2.00,0.0000,0.0000,0.0000,0,0.000000
183,0.0200,0.0000,45.0001,-30.0000,0.0000,0.0000,0.0000,0.0000,0.0000,0.0000,34.5260,-1751.3290,136.5592,0.0002,-185.2295,-0.0031,32.5168,-1.7843,138.1097,0.0000,-0.1942,0.0000,0.0000,0.0000,0.0000,0.0000,0.0000,0.0000,5.00,3.00,2.00,0.0000,0.0000,0.0000,0,0.000000
184,0.0200,0.0000,45.0001,-30.0000,0.0000,0.0000,0.0000,0.0000,0.0000,0.0000,34.5260,-1755.0370,136.5592,0.0000,0.0000,0.0000,34.7186,-1.7843,132.6368,0.0000,-0.1942,0.0000,0.0000,0.0000,0.0000,0.0000,0.0000,0.0000,5.00,3.00,2.00,0.0000,0.0000,0.0000,0,0.000000
184,0.0200,0.0000,45.0001,-30.0000,0.0000,0.0000,0.0000,0.0000,0.0000,0.0000,34.5260,-1758.7490,136.5592,0.0000,0.0000,0.0000,35.9086,-1.7843,136.7757,0.0000,-0.1942,0.0000,0.0000,0.0000,0.0000,0.0000,0.0000,0.0000,5.00,3.00,2.00,0.0000,0.0000,0.0000,0,0.000000
184,0.0200,0.0000,45.0001,-30.0000,0.0000,0.0000,0.0000,0.0000,0.0000,0.0000,34.5260,-1762.4650,136.5593,0.0000,0.0000,0.0000,33.3794,-1.7843,136.6141,0.0000,-0.1942,0.0000,0.0000,0.0000,0.0000,0.0000,0.0000,0.0000,5.00,3.00,2.00,0.0000,0.0000,0.0000,0,0.000000
184,0.0200,0.0000,45.0001,-30.0000,0.0000,0.0000,0.0000,0.0000,0.0000,0.0000,34.5260,-1766.1840,136.5593,0.0000,0.0000,0.0000,34.0895,-1.7843,138.2825,0.0000,-0.1942,0.0000,0.0000,0.0000,0.0000,0.0000,0.0000,0.0000,5.00,3.00,2.00,0.0000,0.0000,0.0000,0,0.000000
184,0.0200,0.0000,45.0001,-30.0000,0.0000,0.0000,0.0000,0.0000,0.0000,0.0000,34.5260,-1769.9090,136.5592,0.0002,-186.2061,-0.0015,31.6210,-1.7843,133.3387,0.0000,-0.1942,0.0000,0.0000,0.0000,0.0000,0.0000,0.0000,0.0000,5.00,3.00,2.00,0.0000,0.0000,0.0000,0,0.000000
185,0.0200,0.0000,45.0001,-30.0000,0.0000,0.0000,0.0000,0.0000,0.0000,0.0000,34.5260,-1773.6360,136.5593,0.0000,0.0000,0.0000,31.8286,-1.7843,135.2392,0.0000,-0.1942,0.0000,0.0000,0.0000,0.0000,0.0000,0.0000,0.0000,5.00,3.00,2.00,0.0000,0.0000,0.0000,0,0.000000
185,0.0200,0.0000,45.0001,-30.0000,0.0000,0.0000,0.0000,0.0000,0.0000,0.0000,34.5260,-1777.3680,136.5592,0.0000,0.0000,0.0000,35.1885,-1.7843,133.4626,0.0000,-0.1942,0.0000,0.0000,0.0000,0.0000,0.0000,0.0000,0.0000,5.00,3.00,2.00,0.0000,0.0000,0.0000,0,0.000000
185,0.0200,0.0000,45.0001,-30.0000,0.0000,0.0000,0.0000,0.0000,0.0000,0.0000,34.5260,-1781.1030,136.5592,0.0000,0.0000,0.0000,36.2978,-1.7843,133.5039,0.0000,-0.1942,0.0000,0.0000,0.0000,0.0000,0.0000,0.0000,0.0000,5.00,3.00,2.00,0.0000,0.0000,0.0000,0,0.000000
185,0.0200,0.0000,45.0001,-30.0000,0.0000,0.0000,0.0000,0.0000,0.0000,0.0000,34.5260,-1784.8430,136.5592,0.0000,0.0000,0.0000,33.2112,-1.7843,136.4467,0.0000,-0.1942,0.0000,0.0000,0.0000,0.0000,0.0000,0.0000,0.0000,5.00,3.00,2.00,0.0000,0.0000,0.0000,0,0.000000
185,0.0200,0.0000,45.0001,-30.0000,0.0000,0.0000,0.0000,0.0000,0.0000,0.0000,34.5260,-1788.5860,136.5592,0.0002,-187.1643,0.0000,35.5823,-1.7843,134.2128,0.0000,-0.1942,0.0000,0.0000,0.0000,0.0000,0.0000,0.0000,0.0000,5.00,3.00,2.00,0.0000,0.0000,0.0000,0,0.000000
186,0.0200,0.0000,45.0001,-30.0000,0.0000,0.0000,0.0000,0.0000,0.0000,0.0000,34.5260,-1792.3340,136.5593,0.0000,0.0000,0.0000,31.2169,-1.7843,134.7331,0.0000,-0.1942,0.0000,0.0000,0.0000,0.0000,0.0000,0.0000,0.0000,5.00,3.00,2.00,0.0000,0.0000,0.0000,0,0.000000
186,0.0200,0.0000,45.0001,-30.0000,0.0000,0.0000,0.0000,0.0000,0.0000,0.0000,34.5260,-1796.0850,136.5593,0.0000,0.0000,0.0000,35.2527,-1.7843,137.7199,0.0000,-0.1942,0.0000,0.0000,0.0000,0.0000,0.0000,0.0000,0.0000,5.00,3.00,2.00,0.0000,0.0000,0.0000,0,0.000000
186,0.0200,0.0000,45.0001,-30.0000,0.0000,0.0000,0.0000,0.0000,0.0000,0.0000,34.5260,-1799.8400,136.5593,0.0000,0.0000,0.0000,36.2009,-1.7843,137.2529,0.0000,-0.1942,0.0000,0.0000,0.0000,0.0000,0.0000,0.0000,0.0000,5.00,3.00,2.00,0.0000,0.0000,0.0000,0,0.000000
186,0.0200,0.0000,45.0001,-30.0000,0.0000,0.0000,0.0000,0.0000,0.0000,0.0000,34.5260,-1803.6000,136.5593,0.0000,0.0000,0.0000,33.7347,-1.7843,137.4037,0.0000,-0.1942,0.0000,0.0000,0.0000,0.0000,0.0000,0.0000,0.0000,5.00,3.00,2.00,0.0000,0.0000,0.0000,0,0.000000
186,0.0200,0.0000,45.0001,-30.0000,0.0000,0.0000,0.0000,0.0000,0.0000,0.0000,34.5260,-1807.3630,136.5593,0.0002,-188.1470,0.0000,32.8100,-1.7843,136.2284,0.0000,-0.1942,0.0000,0.0000,0.0000,0.0000,0.0000,0.0000,0.0000,5.00,3.00,2.00,0.0000,0.0000,0.0000,0,0.000000
187,0.0200,0.0000,45.0001,-30.0000,0.0000,0.0000,0.0000,0.0000,0.0000,0.0000,34.5260,-1811.1300,136.5593,0.0000,0.0000,0.0000,32.6924,-1.7843,137.0580,0.0000,-0.1942,0.0000,0.0000,0.0000,0.0000,0.0000,0.0000,0.0000,5.00,3.00,2.00,0.0000,0.0000,0.0000,0,0.000000
187,0.0200,0.0000,45.0001,-30.0000,0.0000,0.0000,0.0000,0.0000,0.0000,0.0000,34.5260,-1814.9000,136.5593,0.0000,0.0000,0.0000,32.9751,-1.7843,133.7223,0.0000,-0.1942,0.0000,0.0000,0.0000,0.0000,0.0000,0.0000,0.0000,5.00,3.00,2.00,0.0000,0.0000,0.0000,0,0.000000
187,0.0200,0.0000,45.0001,-30.0000,0.0000,0.0000,0.0000,0.0000,0.0000,0.0000,34.5260,-1818.6750,136.5592,0.0000,0.0000,0.0000,35.8722,-1.7843,137.0153,0.0000,-0.1942,0.0000,0.0000,0.0000,0.0000,0.0000,0.0000,0.0000,5.00,3.00,2.00,0.0000,0.0000,0.0000,0,0.000000
187,0.0200,0.0000,45.0001,-30.0000,0.0000,0.0000,0.0000,0.0000,0.0000,0.0000,34.5260,-1822.4540,136.5593,0.0000,0.0000,0.0000,30.9600,-1.7843,133.1772,0.0000,-0.1942,0.0000,0.0000,0.0000,0.0000,0.0000,0.0000,0.0000,5.00,3.00,2.00,0.0000,0.0000,0.0000,0,0.000000
187,0.0200,0.0000,45.0001,-30.0000,0.0000,0.0000,0.0000,0.0000,0.0000,0.0000,34.5260,-1826.2370,136.5592,0.0002,-189.1357,-0.0015,33.9781,-1.7843,137.4169,0.0000,-0.1942,0.0000,0.0000,0.0000,0.0000,0.0000,0.0000,0.0000,5.00,3.00,2.00,0.0000,0.0000,0.0000,0,0.000000
188,0.0200,0.0000,45.0001,-30.0000,0.0000,0.0000,0.0000,0.0000,0.0000,0.0000,34.5260,-1830.0230,136.5593,0.0000,0.0000,0.0000,35.0254,-1.7843,134.0744,0.0000,-0.1942,0.0000,0.0000,0.0000,0.0000,0.0000,0.0000,0.0000,5.00,3.00,2.00,0.0000,0.0000,0.0000,0,0.000000
188,0.0200,0.0000,45.0001,-30.0000,0.0000,0.0000,0.0000,0.0000,0.0000,0.0000,34.5261,-1833.8140,136.5592,0.0000,0.0000,0.0000,35.4729,-1.7843,135.5788,0.0000,-0.1942,0.0000,0.0000,0.0000,0.0000,0.0000,0.0000,0.0000,5.00,3.00,2.00,0.0000,0.0000,0.0000,0,0.000000
188,0.0200,0.0000,45.0001,-30.0000,0.0000,0.0000,0.0000,0.0000,0.0000,0.0000,34.5261,-1837.6080,136.5593,0.0000,0.0000,0.0000,34.8725,-1.7843,137.2899,0.0000,-0.1942,0.0000,0.0000,0.0000,0.0000,0.0000,0.0000,0.0000,5.00,3.00,2.00,0.0000,0.0000,0.0000,0,0.000000
188,0.0200,0.0000,45.0001,-30.0000,0.0000,0.0000,0.0000,0.0000,0.0000,0.0000,34.5261,-1841.4070,136.5592,0.0000,0.0000,0.0000,32.5330,-1.7843,133.3456,0.0000,-0.1942,0.0000,0.0000,0.0000,0.0000,0.0000,0.0000,0.0000,5.00,3.00,2.00,0.0000,0.0000,0.0000,0,0.000000
188,0.0200,0.0000,45.0001,-30.0000,0.0000,0.0000,0.0000,0.0000,0.0000,0.0000,34.5261,-1845.2090,136.5593,0.0002,-190.1184,0.0023,31.7190,-1.7843,133.1142,0.0000,-0.1942,0.0000,0.0000,0.0000,0.0000,0.0000,0.0000,0.0000,5.00,3.00,2.00,0.0000,0.0000,0.0000,0,0.000000
189,0.0200,0.0000,45.0001,-30.0000,0.0000,0.0000,0.0000,0.0000,0.0000,0.0000,34.5261,-1849.0150,136.5592,0.0000,0.0000,0.0000,35.2512,-1.7843,136.1265,0.0000,-0.1942,0.0000,0.0000,0.0000,0.0000,0.0000,0.0000,0.0000,5.00,3.00,2.00,0.0000,0.0000,0.0000,0,0.000000
189,0.0200,0.0000,45.0001,-30.0000,0.0000,0.0000,0.0000,0.0000,0.0000,0.0000,34.5261,-1852.8260,136.5592,0.0000,0.0000,0.0000,30.6585,-1.7843,134.3540,0.0000,-0.1942,0.0000,0.0000,0.0000,0.0000,0.0000,0.0000,0.0000,5.00,3.00,2.00,0.0000,0.0000,0.0000,0,0.000000
189,0.0200,0.0000,45.0001,-30.0000,0.0000,0.0000,0.0000,0.0000,0.0000,0.0000,34.5261,-1856.6400,136.5593,0.0000,0.0000,0.0000,34.6981,-1.7843,132.9862,0.0000,-0.1942,0.0000,0.0000,0.0000,0.0000,0.0000,0.0000,0.0000,5.00,3.00,2.00,0.0000,0.0000,0.0000,0,0.000000
189,0.0200,0.0000,45.0001,-30.0000,0.0000,0.0000,0.0000,0.0000,0.0000,0.0000,34.5261,-1860.4580,136.5593,0.0000,0.0000,0.0000,36.1563,-1.7843,135.4632,0.0000,-0.1942,0.0000,0.0000,0.0000,0.0000,0.0000,0.0000,0.0000,5.00,3.00,2.00,0.0000,0.0000,0.0000,0,0.000000
189,0.0200,0.0000,45.0001,-30.0000,0.0000,0.0000,0.0000,0.0000,0.0000,0.0000,34.5261,-1864.2790,136.5592,0.0002,-191.0767,-0.0015,34.9447,-1.7843,133.2385,0.0000,-0.1942,0.0000,0.0000,0.0000,0.0000,0.0000,0.0000,0.0000,5.00,3.00,2.00,0.0000,0.0000,0.0000,0,0.000000
190,0.0200,0.0000,45.0001,-30.0000,0.0000,0.0000,0.0000,0.0000,0.0000,0.0000,34.5261,-1868.1050,136.5593,0.0000,0.0000,0.0000,34.3299,-1.7843,132.5664,0.0000,-0.1942,0.0000,0.0000,0.0000,0.0000,0.0000,0.0000,0.0000,5.00,3.00,2.00,0.0000,0.0000,0.0000,0,0.000000
190,0.0200,0.0000,45.0001,-30.0000,0.0000,0.0000,0.0000,0.0000,0.0000,0.0000,34.5261,-1871.9350,136.5593,0.0000,0.0000,0.0000,35.8116,-1.7843,134.1473,0.0000,-0.1942,0.0000,0.0000,0.0000,0.0000,0.0000,0.0000,0.0000,5.00,3.00,2.00,0.0000,0.0000,0.0000,0,0.000000
190,0.0200,0.0000,45.0001,-30.0000,0.0000,0.0000,0.0000,0.0000,0.0000,0.0000,34.5261,-1875.7690,136.5593,0.0000,0.0000,0.0000,36.2759,-1.7843,136.9722,0.0000,-0.1942,0.0000,0.0000,0.0000,0.0000,0.0000,0.0000,0.0000,5.00,3.00,2.00,0.0000,0.0000,0.0000,0,0.000000
190,0.0200,0.0000,45.0001,-30.0000,0.0000,0.0000,0.0000,0.0000,0.0000,0.0000,34.5261,-1879.6070,136.5593,0.0000,0.0000,0.0000,35.2171,-1.7843,137.4348,0.0000,-0.1942,0.0000,0.0000,0.0000,0.0000,0.0000,0.0000,0.0000,5.00,3.00,2.00,0.0000,0.0000,0.0000,0,0.000000
190,0.0200,0.0000,45.0001,-30.0000,0.0000,0.0000,0.0000,0.0000,0.0000,0.0000,34.5261,-1883.4480,136.5593,0.0002,-192.0776,0.0000,33.5235,-1.7843,132.5260,0.0000,-0.1942,0.0000,0.0000,0.0000,0.0000,0.0000,0.0000,0.0000,5.00,3.00,2.00,0.0000,0.0000,0.0000,0,0.000000
191,0.0200,0.0000,45.0001,-30.0000,0.0000,0.0000,0.0000,0.0000,0.0000,0.0000,34.5261,-1887.2940,136.5593,0.0000,0.0000,0.0000,33.0723,-1.7843,136.4742,0.0000,-0.1942,0.0000,0.0000,0.0000,0.0000,0.0000,0.0000,0.0000,5.00,3.00,2.00,0.0000,0.0000,0.0000,0,0.000000
191,0.0200,0.0000,45.0001,-30.0000,0.0000,0.0000,0.0000,0.0000,0.0000,0.0000,34.5261,-1891.1430,136.5592,0.0000,0.0000,0.0000,36.6962,-1.7843,134.8585,0.0000,-0.1942,0.0000,0.0000,0.0000,0.0000,0.0000,0.0000,0.0000,5.00,3.00,2.00,0.0000,0.0000,0.0000,0,0.000000
191,0.0200,0.0000,45.0001,-30.0000,0.0000,0.0000,0.0000,0.0000,0.0000,0.0000,34.5261,-1894.9960,136.5592,0.0000,0.0000,0.0000,30.4695,-1.7843,135.4554,0.0000,-0.1942,0.0000,0.0000,0.0000,0.0000,0.0000,0.0000,0.0000,5.00,3.00,2.00,0.0000,0.0000,0.0000,0,0.000000
191,0.0200,0.0000,45.0001,-30.0000,0.0000,0.0000,0.0000,0.0000,0.0000,0.0000,34.5261,-1898.8540,136.5592,0.0000,0.0000,0.0000,31.8907,-1.7843,135.1551,0.0000,-0.1942,0.0000,0.0000,0.0000,0.0000,0.0000,0.0000,0.0000,5.00,3.00,2.00,0.0000,0.0000,0.0000,0,0.000000
191,0.0200,0.0000,45.0001,-30.0000,0.0000,0.0000,0.0000,0.0000,0.0000,0.0000,34.5261,-1902.7150,136.5593,0.0002,-193.0603,0.0015,36.6499,-1.7843,137.1155,0.0000,-0.1942,0.0000,0.0000,0.0000,0.0000,0.0000,0.0000,0.0000,5.00,3.00,2.00,0.0000,0.0000,0.0000,0,0.000000
192,0.0200,0.0000,45.0001,-30.0000,0.0000,0.0000,0.0000,0.0000,0.0000,0.0000,34.5261,-1906.5800,136.5593,0.0000,0.0000,0.0000,36.3477,-1.7843,133.8475,0.0000,-0.1942,0.0000,0.0000,0.0000,0.0000,0.0000,0.0000,0.0000,5.00,3.00,2.00,0.0000,0.0000,0.0000,0,0.000000
192,0.0200,0.0000,45.0001,-30.0000,0.0000,0.0000,0.0000,0.0000,0.0000,0.0000,34.5261,-1910.4490,136.5593,0.0000,0.0000,0.0000,34.6435,-1.7843,137.8183,0.0000,-0.1942,0.0000,0.0000,0.0000,0.0000,0.0000,0.0000,0.0000,5.00,3.00,2.00,0.0000,0.0000,0.0000,0,0.000000
192,0.0200,0.0000,45.0001,-30.0000,0.0000,0.0000,0.0000,0.0000,0.0000,0.0000,34.5261,-1914.3220,136.5592,0.0000,0.0000,0.0000,32.0964,-1.7843,132.5028,0.0000,-0.1942,0.0000,0.0000,0.0000,0.0000,0.0000,0.0000,0.0000,5.00,3.00,2.00,0.0000,0.0000,0.0000,0,0.000000
192,0.0200,0.0000,45.0001,-30.0000,0.0000,0.0000,0.0000,0.0000,0.0000,0.0000,34.5261,-1918.1980,136.5592,0.0000,0.0000,0.0000,35.0145,-1.7843,136.1885,0.0000,-0.1942,0.0000,0.0000,0.0000,0.0000,0.0000,0.0000,0.0000,5.00,3.00,2.00,0.0000,0.0000,0.0000,0,0.000000
192,0.0200,0.0000,45.0001,-30.0000,0.0000,0.0000,0.0000,0.0000,0.0000,0.0000,34.5261,-1922.0790,136.5593,0.0002,-194.0430,0.0015,33.0409,-1.7843,136.3965,0.0000,-0.1942,0.0000,0.0000,0.0000,0.0000,0.0000,0.0000,0.0000,5.00,3.00,2.00,0.0000,0.0000,0.0000,0,0.000000
193,0.0200,0.0000,45.0001,-30.0000,0.0000,0.0000,0.0000,0.0000,0.0000,0.0000,34.5261,-1925.9640,136.5593,0.0000,0.0000,0.0000,32.0439,-1.7843,136.0066,0.0000,-0.1942,0.0000,0.0000,0.0000,0.0000,0.0000,0.0000,0.0000,5.00,3.00,2.00,0.0000,0.0000,0.0000,0,0.000000
193,0.0200,0.0000,45.0001,-30.0000,0.0000,0.0000,0.0000,0.0000,0.0000,0.0000,34.5261,-1929.8530,136.5593,0.0000,0.0000,0.0000,36.0696,-1.7843,137.0812,0.0000,-0.1942,0.0000,0.0000,0.0000,0.0000,0.0000,0.0000,0.0000,5.00,3.00,2.00,0.0000,0.0000,0.0000,0,0.000000
193,0.0200,0.0000,45.0001,-30.0000,0.0000,0.0000,0.0000,0.0000,0.0000,0.0000,34.5262,-1933.7450,136.5592,0.0000,0.0000,0.0000,36.2408,-1.7843,133.3435,0.0000,-0.1942,0.0000,0.0000,0.0000,0.0000,0.0000,0.0000,0.0000,5.00,3.00,2.00,0.0000,0.0000,0.0000,0,0.000000
193,0.0200,0.0000,45.0001,-30.0000,0.0000,0.0000,0.0000,0.0000,0.0000,0.0000,34.5262,-1937.6420,136.5593,0.0000,0.0000,0.0000,31.3540,-1.7843,135.9199,0.0000,-0.1942,0.0000,0.0000,0.0000,0.0000,0.0000,0.0000,0.0000,5.00,3.00,2.00,0.0000,0.0000,0.0000,0,0.000000
193,0.0200,0.0000,45.0001,-30.0000,0.0000,0.0000,0.0000,0.0000,0.0000,0.0000,34.5262,-1941.5420,136.5593,0.0002,-195.0317,0.0008,33.8660,-1.7843,138.1406,0.0000,-0.1942,0.0000,0.0000,0.0000,0.0000,0.0000,0.0000,0.0000,5.00,3.00,2.00,0.0000,0.0000,0.0000,0,0.000000
194,0.0200,0.0000,45.0001,-30.0000,0.0000,0.0000,0.0000,0.0000,0.0000,0.0000,34.5262,-1945.4470,136.5593,0.0000,0.0000,0.0000,34.1444,-1.7843,132.6581,0.0000,-0.1942,0.0000,0.0000,0.0000,0.0000,0.0000,0.0000,0.0000,5.00,3.00,2.00,0.0000,0.0000,0.0000,0,0.000000
194,0.0200,0.0000,45.0001,-30.0000,0.0000,0.0000,0.0000,0.0000,0.0000,0.0000,34.5262,-1949.3550,136.5593,0.0000,0.0000,0.0000,34.6268,-1.7843,138.4603,0.0000,-0.1942,0.0000,0.0000,0.0000,0.0000,0.0000,0.0000,0.0000,5.00,3.00,2.00,0.0000,0.0000,0.0000,0,0.000000
194,0.0200,0.0000,45.0001,-30.0000,0.0000,0.0000,0.0000,0.0000,0.0000,0.0000,34.5262,-1953.2670,136.5592,0.0000,0.0000,0.0000,34.8082,-1.7843,137.8833,0.0000,-0.1942,0.0000,0.0000,0.0000,0.0000,0.0000,0.0000,0.0000,5.00,3.00,2.00,0.0000,0.0000,0.0000,0,0.000000
194,0.0200,0.0000,45.0001,-30.0000,0.0000,0.0000,0.0000,0.0000,0.0000,0.0000,34.5262,-1957.1830,136.5593,0.0000,0.0000,0.0000,36.5963,-1.7843,133.3571,0.0000,-0.1942,0.0000,0.0000,0.0000,0.0000,0.0000,0.0000,0.0000,5.00,3.00,2.00,0.0000,0.0000,0.0000,0,0.000000
194,0.0200,0.0000,45.0001,-30.0000,0.0000,0.0000,0.0000,0.0000,0.0000,0.0000,34.5262,-1961.1030,136.5593,0.0002,-195.9900,-0.0008,36.0331,-1.7843,133.4474,0.0000,-0.1942,0.0000,0.0000,0.0000,0.0000,0.0000,0.0000,0.0000,5.00,3.00,2.00,0.0000,0.0000,0.0000,0,0.000000
195,0.0200,0.0000,45.0001,-30.0000,0.0000,0.0000,0.0000,0.0000,0.0000,0.0000,34.5262,-1965.0270,136.5592,0.0000,0.0000,0.0000,31.5479,-1.7843,134.3524,0.0000,-0.1942,0.0000,0.0000,0.0000,0.0000,0.0000,0.0000,0.0000,5.00,3.00,2.00,0.0000,0.0000,0.0000,0,0.000000
195,0.0200,0.0000,45.0001,-30.0000,0.0000,0.0000,0.0000,0.0000,0.0000,0.0000,34.5262,-1968.9550,136.5592,0.0000,0.0000,0.0000,36.3025,-1.7843,134.1674,0.0000,-0.1942,0.0000,0.0000,0.0000,0.0000,0.0000,0.0000,0.0000,5.00,3.00,2.00,0.0000,0.0000,0.0000,0,0.000000
195,0.0200,0.0000,45.0001,-30.0000,0.0000,0.0000,0.0000,0.0000,0.0000,0.0000,34.5262,-1972.8870,136.5593,0.0000,0.0000,0.0000,31.1833,-1.7843,134.5013,0.0000,-0.1942,0.0000,0.0000,0.0000,0.0000,0.0000,0.0000,0.0000,5.00,3.00,2.00,0.0000,0.0000,0.0000,0,0.000000
195,0.0200,0.0000,45.0001,-30.0000,0.0000,0.0000,0.0000,0.0000,0.0000,0.0000,34.5262,-1976.8230,136.5593,0.0000,0.0000,0.0000,34.6294,-1.7843,133.6271,0.0000,-0.1942,0.0000,0.0000,0.0000,0.0000,0.0000,0.0000,0.0000,5.00,3.00,2.00,0.0000,0.0000,0.0000,0,0.000000
195,0.0200,0.0000,45.0001,-30.0000,0.0000,0.0000,0.0000,0.0000,0.0000,0.0000,34.5262,-1980.7620,136.5593,0.0002,-196.9788,0.0000,31.4188,-1.7843,135.4763,0.0000,-0.1942,0.0000,0.0000,0.0000,0.0000,0.0000,0.0000,0.0000,5.00,3.00,2.00,0.0000,0.0000,0.0000,0,0.000000
196,0.0200,0.0000,45.0001,-30.0000,0.0000,0.0000,0.0000,0.0000,0.0000,0.0000,34.5262,-1984.7060,136.5593,0.0000,0.0000,0.0000,35.5770,-1.7843,132.6938,0.0000,-0.1942,0.0000,0.0000,0.0000,0.0000,0.0000,0.0000,0.0000,5.00,3.00,2.00,0.0000,0.0000,0.0000,0,0.000000
196,0.0200,0.0000,45.0001,-30.0000,0.0000,0.0000,0.0000,0.0000,0.0000,0.0000,34.5262,-1988.6530,136.5593,0.0000,0.0000,0.0000,32.3232,-1.7843,137.7302,0.0000,-0.1942,0.0000,0.0000,0.0000,0.0000,0.0000,0.0000,0.0000,5.00,3.00,2.00,0.0000,0.0000,0.0000,0,0.000000
697,0.0200,0.0000,45.0001,-30.0000,0.0000,0.0000,0.0000,0.0000,0.0000,0.0000,34.5358,-24179.9600,136.5597,0.0000,0.0000,0.0000,35.9107,-1.7843,137.1055,0.0000,-0.1942,0.0000,0.0000,0.0000,0.0000,0.0000,0.0000,0.0000,5.00,3.00,2.00,0.0000,0.0000,0.0000,0,0.000000
697,0.0200,0.0000,45.0001,-30.0000,0.0000,0.0000,0.0000,0.0000,0.0000,0.0000,34.5358,-24193.7400,136.5597,0.0000,0.0000,0.0000,36.4894,-1.7843,136.3550,0.0000,-0.1942,0.0000,0.0000,0.0000,0.0000,0.0000,0.0000,0.0000,5.00,3.00,2.00,0.0000,0.0000,0.0000,0,0.000000
697,0.0200,0.0000,45.0001,-30.0000,0.0000,0.0000,0.0000,0.0000,0.0000,0.0000,34.5358,-24207.5200,136.5597,0.0000,0.0000,0.0000,36.0419,-1.7843,133.9561,0.0000,-0.1942,0.0000,0.0000,0.0000,0.0000,0.0000,0.0000,0.0000,5.00,3.00,2.00,0.0000,0.0000,0.0000,0,0.000000
697,0.0200,0.0000,45.0001,-30.0000,0.0000,0.0000,0.0000,0.0000,0.0000,0.0000,34.5358,-24221.3100,136.5597,0.0000,0.0000,0.0000,31.8460,-1.7843,134.6700,0.0000,-0.1942,0.0000,0.0000,0.0000,0.0000,0.0000,0.0000,0.0000,5.00,3.00,2.00,0.0000,0.0000,0.0000,0,0.000000
697,0.0200,0.0000,45.0001,-30.0000,0.0000,0.0000,0.0000,0.0000,0.0000,0.0000,34.5358,-24235.1000,136.5593,0.0002,-689.5508,-0.0198,32.4494,-1.7843,133.3095,0.0000,-0.1942,0.0000,0.0000,0.0000,0.0000,0.0000,0.0000,0.0000,5.00,3.00,2.00,0.0000,0.0000,0.0000,0,0.000000
698,0.0200,0.0000,45.0001,-30.0000,0.0000,0.0000,0.0000,0.0000,0.0000,0.0000,34.5358,-24248.8900,136.5597,0.0000,0.0000,0.0000,35.4836,-1.7843,135.3351,0.0000,-0.1942,0.0000,0.0000,0.0000,0.0000,0.0000,0.0000,0.0000,5.00,3.00,2.00,0.0000,0.0000,0.0000,0,0.000000
698,0.0200,0.0000,45.0001,-30.0000,0.0000,0.0000,0.0000,0.0000,0.0000,0.0000,34.5358,-24262.6900,136.5597,0.0000,0.0000,0.0000,31.6178,-1.7843,133.7978,0.0000,-0.1942,0.0000,0.0000,0.0000,0.0000,0.0000,0.0000,0.0000,5.00,3.00,2.00,0.0000,0.0000,0.0000,0,0.000000
698,0.0200,0.0000,45.0001,-30.0000,0.0000,0.0000,0.0000,0.0000,0.0000,0.0000,34.5358,-24276.4900,136.5597,0.0000,0.0000,0.0000,33.1335,-1.7843,133.5039,0.0000,-0.1942,0.0000,0.0000,0.0000,0.0000,0.0000,0.0000,0.0000,5.00,3.00,2.00,0.0000,0.0000,0.0000,0,0.000000
698,0.0200,0.0000,45.0001,-30.0000,0.0000,0.0000,0.0000,0.0000,0.0000,0.0000,34.5358,-24290.2900,136.5597,0.0000,0.0000,0.0000,35.3512,-1.7843,132.2110,0.0000,-0.1942,0.0000,0.0000,0.0000,0.0000,0.0000,0.0000,0.0000,5.00,3.00,2.00,0.0000,0.0000,0.0000,0,0.000000
698,0.0200,0.0000,45.0001,-30.0000,0.0000,0.0000,0.0000,0.0000,0.0000,0.0000,34.5358,-24304.1000,136.5593,0.0002,-690.5273,-0.0198,34.9576,-1.7843,136.3799,0.0000,-0.1942,0.0000,0.0000,0.0000,0.0000,0.0000,0.0000,0.0000,5.00,3.00,2.00,0.0000,0.0000,0.0000,0,0.000000
699,0.0200,0.0000,45.0001,-30.0000,0.0000,0.0000,0.0000,0.0000,0.0000,0.0000,34.5358,-24317.9100,136.5593,0.0000,0.0000,0.0000,31.8011,-1.7843,134.6136,0.0000,-0.1942,0.0000,0.0000,0.0000,0.0000,0.0000,0.0000,0.0000,5.00,3.00,2.00,0.0000,0.0000,0.0000,0,0.000000
699,0.0200,0.0000,45.0001,-30.0000,0.0000,0.0000,0.0000,0.0000,0.0000,0.0000,34.5358,-24331.7300,136.5593,0.0000,0.0000,0.0000,31.4874,-1.7843,136.6276,0.0000,-0.1942,0.0000,0.0000,0.0000,0.0000,0.0000,0.0000,0.0000,5.00,3.00,2.00,0.0000,0.0000,0.0000,0,0.000000
699,0.0200,0.0000,45.0001,-30.0000,0.0000,0.0000,0.0000,0.0000,0.0000,0.0000,34.5358,-24345.5500,136.5597,0.0000,0.0000,0.0000,35.2337,-1.7843,136.8487,0.0000,-0.1942,0.0000,0.0000,0.0000,0.0000,0.0000,0.0000,0.0000,5.00,3.00,2.00,0.0000,0.0000,0.0000,0,0.000000
699,0.0200,0.0000,45.0001,-30.0000,0.0000,0.0000,0.0000,0.0000,0.0000,0.0000,34.5358,-24359.3800,136.5593,0.0000,0.0000,0.0000,35.5890,-1.7843,133.2808,0.0000,-0.1942,0.0000,0.0000,0.0000,0.0000,0.0000,0.0000,0.0000,5.00,3.00,2.00,0.0000,0.0000,0.0000,0,0.000000
699,0.0200,0.0000,45.0001,-30.0000,0.0000,0.0000,0.0000,0.0000,0.0000,0.0000,34.5358,-24373.2000,136.5597,0.0002,-691.3086,0.0198,33.0587,-1.7843,131.7006,0.0000,-0.1942,0.0000,0.0000,0.0000,0.0000,0.0000,0.0000,0.0000,5.00,3.00,2.00,0.0000,0.0000,0.0000,0,0.000000
700,0.0200,0.0000,45.0001,-30.0000,0.0000,0.0000,0.0000,0.0000,0.0000,0.0000,34.5358,-24387.0400,136.5593,0.0000,0.0000,0.0000,32.2690,-1.7843,134.1752,0.0000,-0.1942,0.0000,0.0000,0.0000,0.0000,0.0000,0.0000,0.0000,5.00,3.00,2.00,0.0000,0.0000,0.0000,0,0.000000
700,0.0200,0.0000,45.0001,-30.0000,0.0000,0.0000,0.0000,0.0000,0.0000,0.0000,34.5358,-24400.8700,136.5593,0.0000,0.0000,0.0000,32.3616,-1.7843,135.3672,0.0000,-0.1942,0.0000,0.0000,0.0000,0.0000,0.0000,0.0000,0.0000,5.00,3.00,2.00,0.0000,0.0000,0.0000,0,0.000000
700,0.0200,0.0000,45.0001,-30.0000,0.0000,0.0000,0.0000,0.0000,0.0000,0.0000,34.5358,-24414.7100,136.5597,0.0000,0.0000,0.0000,35.7003,-1.7843,135.6464,0.0000,-0.1942,0.0000,0.0000,0.0000,0.0000,0.0000,0.0000,0.0000,5.00,3.00,2.00,0.0000,0.0000,0.0000,0,0.000000
700,0.0200,0.0000,45.0001,-30.0000,0.0000,0.0000,0.0000,0.0000,0.0000,0.0000,34.5358,-24428.5500,136.5593,0.0000,0.0000,0.0000,34.0588,-1.7843,137.6594,0.0000,-0.1942,0.0000,0.0000,0.0000,0.0000,0.0000,0.0000,0.0000,5.00,3.00,2.00,0.0000,0.0000,0.0000,0,0.000000
700,0.0200,0.0000,45.0001,-30.0000,0.0000,0.0000,0.0000,0.0000,0.0000,0.0000,34.5358,-24442.4000,136.5593,0.0002,-692.5781,0.0000,33.7115,-1.7843,132.3541,0.0000,-0.1942,0.0000,0.0000,0.0000,0.0000,0.0000,0.0000,0.0000,5.00,3.00,2.00,0.0000,0.0000,0.0000,0,0.000000
701,0.0200,0.0000,45.0001,-30.0000,0.0000,0.0000,0.0000,0.0000,0.0000,0.0000,34.5358,-24456.2500,136.5597,0.0000,0.0000,0.0000,36.6430,-1.7843,137.0141,0.0000,-0.1942,0.0000,0.0000,0.0000,0.0000,0.0000,0.0000,0.0000,5.00,3.00,2.00,0.0000,0.0000,0.0000,0,0.000000
701,0.0200,0.0000,45.0001,-30.0000,0.0000,0.0000,0.0000,0.0000,0.0000,0.0000,34.5358,-24470.1100,136.5593,0.0000,0.0000,0.0000,31.0984,-1.7843,136.5031,0.0000,-0.1942,0.0000,0.0000,0.0000,0.0000,0.0000,0.0000,0.0000,5.00,3.00,2.00,0.0000,0.0000,0.0000,0,0.000000
701,0.0200,0.0000,45.0001,-30.0000,0.0000,0.0000,0.0000,0.0000,0.0000,0.0000,34.5358,-24483.9700,136.5597,0.0000,0.0000,0.0000,35.7581,-1.7843,137.0131,0.0000,-0.1942,0.0000,0.0000,0.0000,0.0000,0.0000,0.0000,0.0000,5.00,3.00,2.00,0.0000,0.0000,0.0000,0,0.000000
701,0.0200,0.0000,45.0001,-30.0000,0.0000,0.0000,0.0000,0.0000,0.0000,0.0000,34.5358,-24497.8300,136.5589,0.0000,0.0000,0.0000,34.8326,-1.7843,136.3468,0.0000,-0.1942,0.0000,0.0000,0.0000,0.0000,0.0000,0.0000,0.0000,5.00,3.00,2.00,0.0000,0.0000,0.0000,0,0.000000
701,0.0200,0.0000,45.0001,-30.0000,0.0000,0.0000,0.0000,0.0000,0.0000,0.0000,34.5358,-24511.7000,136.5597,0.0002,-693.4570,0.0389,35.3084,-1.7843,135.8748,0.0000,-0.1942,0.0000,0.0000,0.0000,0.0000,0.0000,0.0000,0.0000,5.00,3.00,2.00,0.0000,0.0000,0.0000,0,0.000000
702,0.0200,0.0000,45.0001,-30.0000,0.0000,0.0000,0.0000,0.0000,0.0000,0.0000,34.5359,-24525.5700,136.5589,0.0000,0.0000,0.0000,31.9630,-1.7843,134.2697,0.0000,-0.1942,0.0000,0.0000,0.0000,0.0000,0.0000,0.0000,0.0000,5.00,3.00,2.00,0.0000,0.0000,0.0000,0,0.000000
702,0.0200,0.0000,45.0001,-30.0000,0.0000,0.0000,0.0000,0.0000,0.0000,0.0000,34.5359,-24539.4400,136.5597,0.0000,0.0000,0.0000,30.4721,-1.7843,135.5215,0.0000,-0.1942,0.0000,0.0000,0.0000,0.0000,0.0000,0.0000,0.0000,5.00,3.00,2.00,0.0000,0.0000,0.0000,0,0.000000
702,0.0200,0.0000,45.0001,-30.0000,0.0000,0.0000,0.0000,0.0000,0.0000,0.0000,34.5359,-24553.3200,136.5597,0.0000,0.0000,0.0000,35.6863,-1.7843,132.6786,0.0000,-0.1942,0.0000,0.0000,0.0000,0.0000,0.0000,0.0000,0.0000,5.00,3.00,2.00,0.0000,0.0000,0.0000,0,0.000000
702,0.0200,0.0000,45.0001,-30.0000,0.0000,0.0000,0.0000,0.0000,0.0000,0.0000,34.5359,-24567.2100,136.5593,0.0000,0.0000,0.0000,33.1342,-1.7843,133.5215,0.0000,-0.1942,0.0000,0.0000,0.0000,0.0000,0.0000,0.0000,0.0000,5.00,3.00,2.00,0.0000,0.0000,0.0000,0,0.000000
702,0.0200,0.0000,45.0001,-30.0000,0.0000,0.0000,0.0000,0.0000,0.0000,0.0000,34.5359,-24581.0900,136.5593,0.0002,-694.2383,0.0000,36.8267,-1.7843,133.7113,0.0000,-0.1942,0.0000,0.0000,0.0000,0.0000,0.0000,0.0000,0.0000,5.00,3.00,2.00,0.0000,0.0000,0.0000,0,0.000000
703,0.0200,0.0000,45.0001,-30.0000,0.0000,0.0000,0.0000,0.0000,0.0000,0.0000,34.5359,-24594.9800,136.5593,0.0000,0.0000,0.0000,35.0114,-1.7843,137.0063,0.0000,-0.1942,0.0000,0.0000,0.0000,0.0000,0.0000,0.0000,0.0000,5.00,3.00,2.00,0.0000,0.0000,0.0000,0,0.000000
703,0.0200,0.0000,45.0001,-30.0000,0.0000,0.0000,0.0000,0.0000,0.0000,0.0000,34.5359,-24608.8800,136.5597,0.0000,0.0000,0.0000,36.1320,-1.7843,136.0008,0.0000,-0.1942,0.0000,0.0000,0.0000,0.0000,0.0000,0.0000,0.0000,5.00,3.00,2.00,0.0000,0.0000,0.0000,0,0.000000
703,0.0200,0.0000,45.0001,-30.0000,0.0000,0.0000,0.0000,0.0000,0.0000,0.0000,34.5359,-24622.7800,136.5597,0.0000,0.0000,0.0000,36.5257,-1.7843,135.5062,0.0000,-0.1942,0.0000,0.0000,0.0000,0.0000,0.0000,0.0000,0.0000,5.00,3.00,2.00,0.0000,0.0000,0.0000,0,0.000000
703,0.0200,0.0000,45.0001,-30.0000,0.0000,0.0000,0.0000,0.0000,0.0000,0.0000,34.5359,-24636.6800,136.5589,0.0000,0.0000,0.0000,35.8286,-1.7843,133.8659,0.0000,-0.1942,0.0000,0.0000,0.0000,0.0000,0.0000,0.0000,0.0000,5.00,3.00,2.00,0.0000,0.0000,0.0000,0,0.000000
703,0.0200,0.0000,45.0001,-30.0000,0.0000,0.0000,0.0000,0.0000,0.0000,0.0000,34.5359,-24650.5800,136.5593,0.0002,-695.2148,0.0191,35.2010,-1.7843,132.5961,0.0000,-0.1942,0.0000,0.0000,0.0000,0.0000,0.0000,0.0000,0.0000,5.00,3.00,2.00,0.0000,0.0000,0.0000,0,0.000000
